question,answer
Apa itu aplikasi BloodConnect?,"BloodConnect adalah platform digital yang mengintegrasikan layanan donor darah dan transfusi darah secara real-time, memudahkan pencarian pendonor dan informasi stok darah."
Bagaimana cara mendaftar di BloodConnect?,"Anda bisa mendaftar dengan mmengunjungi web aplikasi BloodConnect, lalu membuat akun menggunakan email, lengkapi profil Anda, lalu tunggu approval akun melalui email kamu."
Fitur apa saja yang ada di BloodConnect?,"BloodConnect memiliki fitur pendaftaran pendonor, pencarian lokasi donor darah terdekat, pembaruan stok darah real-time, notifikasi kebutuhan darah mendesak, dan riwayat donor."
Apakah aplikasi ini gratis?,"Ya, aplikasi BloodConnect dapat diunduh dan digunakan secara gratis oleh semua pengguna."
Dimana saya bisa mengunduh BloodConnect?,Aplikasi BloodConnect tersedia di Google Play Store untuk Android dan Apple App Store untuk iOS.
BloodConnect bekerja sama dengan siapa saja?,"BloodConnect bekerja sama dengan PMI, rumah sakit, dan fasilitas kesehatan lainnya untuk memastikan informasi akurat dan layanan yang terintegrasi."
Apakah BloodConnect aman untuk data pribadi saya?,BloodConnect sangat menjaga keamanan data pribadi dan medis pengguna dengan enkripsi dan standar keamanan tinggi.
Bagaimana cara update aplikasi BloodConnect?,Anda bisa memperbarui aplikasi BloodConnect melalui Google Play Store atau Apple App Store jika ada versi terbaru.
"Saya mengalami masalah saat login, apa yang harus saya lakukan?","Jika Anda mengalami masalah login, pastikan koneksi internet stabil, cek kembali kredensial Anda, atau gunakan fitur 'Lupa Kata Sandi'. Jika masih bermasalah, hubungi dukungan teknis kami."
Apakah ada panduan penggunaan aplikasi?,"Ya, panduan lengkap penggunaan aplikasi tersedia di bagian 'Bantuan' atau 'FAQ' di dalam aplikasi BloodConnect."
Bagaimana cara kerja notifikasi kebutuhan darah?,Notifikasi kebutuhan darah akan dikirimkan kepada pendonor yang memenuhi kriteria golongan darah dan lokasi terdekat dengan kebutuhan mendesak.
Apakah saya bisa memberikan feedback tentang aplikasi?,"Tentu, Anda bisa memberikan feedback melalui fitur 'Kirim Umpan Balik' di menu pengaturan aplikasi atau melalui email dukungan kami."
Apakah ada versi web untuk BloodConnect?,"Saat ini BloodConnect hanya tersedia sebagai aplikasi mobile, namun pengembangan versi web sedang dipertimbangkan."
Bagaimana cara melaporkan bug di aplikasi?,Anda dapat melaporkan bug melalui fitur 'Laporkan Masalah' di aplikasi atau mengirimkan detailnya ke tim dukungan kami.
Apakah saya bisa mencari riwayat donor orang lain?,"Tidak, riwayat donor darah adalah informasi pribadi dan hanya dapat diakses oleh pemilik akun yang bersangkutan."
Bisakah saya mengubah bahasa di aplikasi?,"Ya, Anda bisa mengubah pengaturan bahasa di menu 'Pengaturan' dalam aplikasi BloodConnect."
Apakah BloodConnect tersedia di luar Indonesia?,Saat ini BloodConnect beroperasi di Indonesia. Pengembangan untuk cakupan internasional sedang dalam perencanaan.
Bagaimana cara mengaktifkan notifikasi di BloodConnect?,Anda bisa mengaktifkan notifikasi di pengaturan aplikasi BloodConnect dan juga di pengaturan notifikasi perangkat Anda.
Apakah ada fitur reward untuk pendonor?,"BloodConnect memiliki program penghargaan untuk pendonor setia, seperti badge digital atau poin yang dapat ditukarkan."
"Saya tidak bisa menemukan fitur X, kenapa?","Pastikan Anda menggunakan versi aplikasi terbaru. Jika fitur masih tidak ditemukan, mungkin fitur tersebut sedang dalam pengembangan atau tidak tersedia di wilayah Anda."
Apakah BloodConnect terintegrasi dengan rekam medis elektronik?,Integrasi dengan rekam medis elektronik sedang dalam tahap pengembangan dan akan diimplementasikan secara bertahap dengan pihak rumah sakit.
Bagaimana cara menghubungi customer service BloodConnect?,Anda dapat menghubungi customer service BloodConnect melalui email yang tertera di bagian 'Bantuan' atau 'Kontak Kami' di aplikasi.
Apakah aplikasi ini membutuhkan koneksi internet?,"Ya, BloodConnect membutuhkan koneksi internet untuk memperbarui data real-time seperti stok darah dan lokasi donor."
Bisakah saya membatalkan pendaftaran donor yang sudah terjadwal?,Anda bisa membatalkan jadwal donor melalui aplikasi. Mohon batalkan sesegera mungkin agar kuota donor bisa dialokasikan untuk orang lain.
Bagaimana cara saya tahu jika permintaan darah saya terpenuhi?,Anda akan menerima notifikasi di aplikasi BloodConnect jika permintaan darah Anda telah terpenuhi atau ada pendonor yang merespons.
Apakah ada fitur chat dengan pendonor?,BloodConnect tidak menyediakan fitur chat langsung antar pendonor dan penerima untuk menjaga privasi. Komunikasi akan difasilitasi oleh pihak medis.
Bisakah saya mengubah preferensi notifikasi?,"Ya, Anda dapat mengatur preferensi notifikasi, seperti jenis notifikasi yang ingin diterima, di menu 'Pengaturan' aplikasi."
Apakah BloodConnect menyimpan riwayat kesehatan saya?,BloodConnect menyimpan riwayat donor darah Anda. Informasi kesehatan lainnya hanya disimpan jika relevan dengan kelayakan donor atau kebutuhan transfusi.
Bagaimana cara kerja fitur pencarian lokasi donor?,Fitur pencarian lokasi donor menggunakan GPS perangkat Anda untuk menampilkan PMI atau fasilitas kesehatan terdekat yang mengadakan donor darah.
Apakah saya bisa melihat event donor darah di luar kota saya?,"Ya, Anda bisa mencari event donor darah di kota lain dengan mengubah pengaturan lokasi atau menggunakan filter pencarian di aplikasi."
Siapa saja yang bisa donor darah?,"Umumnya, pendonor berusia 17-65 tahun, sehat jasmani dan rohani, berat badan minimal 45 kg, tekanan darah normal, dan tidak memiliki riwayat penyakit tertentu."
Apa saja syarat untuk donor darah?,"Syarat donor darah meliputi usia 17-65 tahun, berat badan min. 45 kg, sehat, tidak dalam pengobatan, istirahat cukup, dan tidak memiliki riwayat penyakit menular."
Berapa frekuensi maksimal donor darah?,"Donor darah dapat dilakukan setiap 3 bulan sekali atau minimal 12 minggu setelah donor terakhir, untuk menjaga kesehatan pendonor."
Apa manfaat donor darah bagi pendonor?,"Manfaat donor darah termasuk menjaga kesehatan jantung, membakar kalori, mendeteksi dini penyakit, dan meningkatkan produksi sel darah baru."
Hal apa yang harus dihindari sebelum donor darah?,"Sebelum donor darah, hindari alkohol, kafein, dan obat-obatan tertentu. Pastikan Anda cukup istirahat dan makan teratur."
Bagaimana proses donor darah berlangsung?,"Proses donor darah dimulai dengan pendaftaran, pemeriksaan kesehatan, pengambilan darah sekitar 10-15 menit, dan istirahat sejenak setelahnya."
Apakah donor darah sakit?,"Rasa sakit saat donor darah umumnya minimal, hanya seperti gigitan semut saat jarum dimasukkan. Setelah itu, tidak ada rasa sakit."
Berapa banyak darah yang diambil saat donor?,"Darah yang diambil saat donor umumnya sekitar 350-450 ml, tergantung standar dan berat badan pendonor."
Apa yang harus dilakukan setelah donor darah?,"Setelah donor darah, istirahat sejenak, minum air putih yang cukup, hindari aktivitas berat, dan makan makanan bergizi."
Apakah saya bisa donor darah jika baru sembuh dari flu?,Sebaiknya tunda donor darah jika Anda baru sembuh dari flu. Umumnya disarankan menunggu 1-2 minggu setelah gejala hilang sepenuhnya.
Bolehkah donor darah saat menstruasi?,Wanita boleh donor darah saat menstruasi jika tidak ada keluhan signifikan dan kadar hemoglobinnya normal.
Apakah penderita diabetes bisa donor darah?,"Penderita diabetes boleh donor darah jika kadar gula terkontrol baik tanpa suntik insulin, dan tidak ada komplikasi berat."
Berapa lama waktu pemulihan setelah donor darah?,"Pemulihan fisik setelah donor darah umumnya cepat, sekitar 24-48 jam. Produksi sel darah merah butuh waktu beberapa minggu."
"Saya baru tato, apakah bisa donor darah?","Jika Anda baru tato, disarankan untuk menunda donor darah selama 4-6 bulan setelah tato dibuat untuk memastikan tidak ada infeksi."
Apakah ada batasan usia maksimal untuk donor darah?,"Batas usia maksimal untuk donor darah adalah 65 tahun, selama kondisi kesehatan memenuhi syarat."
Bisakah ibu menyusui donor darah?,Ibu menyusui umumnya tidak disarankan untuk donor darah sampai minimal 6 bulan setelah melahirkan atau setelah berhenti menyusui.
Bolehkah donor darah setelah vaksin COVID-19?,"Anda bisa donor darah setelah vaksin COVID-19. Umumnya disarankan menunggu 1-2 hari setelah vaksinasi, atau sesuai panduan PMI setempat."
Apa itu donor darah apheresis?,"Donor darah apheresis adalah prosedur donor di mana hanya komponen darah tertentu (misalnya trombosit atau plasma) yang diambil, dan sisa darah dikembalikan ke tubuh pendonor."
Berapa lama proses apheresis?,"Proses donor apheresis memakan waktu lebih lama dari donor darah biasa, bisa 1-2 jam, karena melibatkan mesin khusus."
Apakah ada efek samping setelah donor darah?,"Efek samping ringan setelah donor darah bisa berupa pusing, lemas, atau memar di area suntikan. Ini biasanya cepat hilang."
Bagaimana cara mempersiapkan diri sebelum donor darah?,"Persiapan sebelum donor darah meliputi tidur cukup, sarapan atau makan teratur, minum banyak air, dan hindari begadang."
Apakah saya bisa donor darah jika sedang minum antibiotik?,Tidak disarankan donor darah jika sedang minum antibiotik. Tunda hingga antibiotik habis dan Anda sudah sehat sepenuhnya.
Bolehkah perokok donor darah?,"Perokok boleh donor darah asalkan memenuhi syarat kesehatan lainnya. Namun, disarankan tidak merokok beberapa jam sebelum dan sesudah donor."
Apakah donor darah bisa menurunkan berat badan?,"Donor darah membakar sedikit kalori, namun bukan metode efektif untuk menurunkan berat badan. Fokus pada diet sehat dan olahraga."
Bagaimana jika saya tidak lolos skrining donor darah?,"Jika tidak lolos skrining, petugas akan menjelaskan alasannya. Anda bisa mencoba lagi di lain waktu jika kondisi sudah memenuhi syarat."
Bisakah saya donor darah jika punya riwayat hepatitis?,"Individu dengan riwayat hepatitis B atau C tidak diperbolehkan donor darah. Untuk hepatitis A, bisa donor setelah pulih sepenuhnya."
Apakah ada tes yang dilakukan sebelum donor darah?,"Ya, sebelum donor darah akan dilakukan pemeriksaan tekanan darah, kadar hemoglobin, berat badan, dan skrining riwayat kesehatan."
"Saya baru bepergian ke luar negeri, apakah bisa donor darah?",Kelayakan donor darah setelah bepergian ke luar negeri tergantung pada negara yang dikunjungi dan ada tidaknya risiko penyakit tertentu (misalnya malaria).
Berapa lama waktu yang dibutuhkan untuk proses donor?,"Seluruh proses donor darah, dari pendaftaran hingga istirahat, biasanya memakan waktu sekitar 45-60 menit."
Apakah ada makanan yang harus dikonsumsi sebelum donor darah?,Disarankan mengonsumsi makanan bergizi seimbang dan cukup cairan sebelum donor darah untuk menjaga stamina.
Apa yang terjadi jika saya pingsan setelah donor darah?,"Jika pingsan, segera berbaring dengan kaki diangkat. Petugas medis akan memberikan pertolongan dan memastikan Anda pulih."
Bolehkah donor darah jika sedang demam?,Tidak boleh donor darah jika sedang demam. Tunda hingga suhu tubuh normal dan Anda merasa sehat.
Apakah ada batasan berat badan untuk donor darah?,"Ya, berat badan minimal untuk donor darah adalah 45 kg."
Bisakah donor darah jika tekanan darah tinggi?,"Jika tekanan darah terlalu tinggi atau tidak terkontrol, Anda tidak bisa donor darah. Tekanan darah harus dalam batas normal."
Apakah minum kopi memengaruhi donor darah?,Minum kopi sebelum donor darah tidak disarankan karena kafein dapat memengaruhi tekanan darah dan hidrasi.
Berapa lama darah bisa disimpan setelah donor?,"Darah utuh atau komponen darah memiliki masa simpan yang bervariasi, misalnya sel darah merah bisa disimpan hingga 42 hari."
Apakah donor darah bisa dilakukan di rumah?,"Tidak, donor darah harus dilakukan di fasilitas kesehatan yang berwenang atau unit donor darah keliling dengan pengawasan medis."
Bagaimana cara mengetahui golongan darah saya setelah donor?,"Anda akan diberitahu golongan darah Anda setelah donor pertama, dan informasi ini akan tercatat di riwayat donor Anda."
Apakah ada jenis donor darah khusus?,"Selain donor darah utuh, ada donor komponen darah seperti trombosit, plasma, atau sel darah merah (apheresis)."
Bisakah donor darah jika sedang hamil?,Wanita hamil tidak diperbolehkan donor darah untuk menjaga kesehatan ibu dan janin.
Apakah donor darah bisa menyebabkan anemia?,"Jika dilakukan sesuai frekuensi yang disarankan, donor darah tidak akan menyebabkan anemia. Tubuh akan memproduksi sel darah baru."
Apa itu donor darah pengganti?,Donor darah pengganti adalah donor yang dilakukan oleh keluarga atau teman pasien untuk mengganti stok darah yang digunakan pasien.
Bagaimana cara menjaga kesehatan setelah donor darah?,"Jaga hidrasi, makan makanan bergizi, hindari aktivitas fisik berat, dan istirahat cukup setelah donor darah."
Apakah donor darah mempengaruhi imun tubuh?,Donor darah tidak secara signifikan melemahkan imun tubuh. Sistem kekebalan tubuh akan tetap berfungsi normal.
"Saya baru saja operasi, apakah bisa donor darah?",Kelayakan donor darah setelah operasi tergantung jenis operasi dan waktu pemulihan. Konsultasikan dengan petugas medis.
Apakah donor darah bisa dilakukan saat puasa?,Donor darah saat puasa tidak disarankan karena dapat meningkatkan risiko pusing atau lemas. Sebaiknya donor setelah berbuka atau sahur.
Berapa kadar gula darah yang aman untuk donor?,"Jika Anda penderita diabetes, kadar gula darah harus terkontrol baik. Konsultasikan dengan petugas medis untuk batas aman spesifik."
Apakah donor darah bisa dilakukan jika ada riwayat penyakit jantung?,Individu dengan riwayat penyakit jantung atau sedang dalam pengobatan jantung umumnya tidak diperbolehkan donor darah.
Bagaimana cara mengetahui hasil skrining donor darah?,Hasil skrining dasar akan diberitahukan langsung setelah pemeriksaan. Hasil tes darah lengkap biasanya akan dikirimkan kemudian.
Apakah ada batasan umur minimal untuk donor darah?,"Ya, batas usia minimal untuk donor darah adalah 17 tahun."
Bolehkah donor darah jika sedang minum obat pereda nyeri?,"Tergantung jenis obatnya. Obat pereda nyeri biasa mungkin tidak masalah, tapi obat pengencer darah seperti aspirin harus ditunda."
Apakah donor darah bisa dilakukan di klinik?,"Donor darah harus dilakukan di fasilitas yang memiliki izin dan peralatan yang memadai, seperti PMI atau rumah sakit besar."
Bagaimana cara mendapatkan sertifikat donor darah?,Sertifikat atau kartu donor darah biasanya diberikan setelah Anda berhasil melakukan donor darah.
Apakah donor darah bisa menyebabkan alergi?,"Reaksi alergi setelah donor darah sangat jarang terjadi dan biasanya ringan, seperti gatal atau ruam di area suntikan."
Bolehkah donor darah jika baru melakukan perjalanan ke daerah endemik malaria?,"Jika Anda baru bepergian ke daerah endemik malaria, Anda mungkin harus menunda donor darah selama beberapa waktu (misalnya 1 tahun)."
Apa itu donor darah rutin?,Donor darah rutin adalah pendonor yang secara teratur mendonorkan darahnya sesuai jadwal yang dianjurkan.
Bagaimana cara mengatasi pusing setelah donor darah?,"Untuk mengatasi pusing, berbaringlah, angkat kaki lebih tinggi dari kepala, dan minum air putih atau jus manis."
Apakah ada makanan yang tidak boleh dimakan sebelum donor darah?,Hindari makanan berlemak tinggi sebelum donor darah karena dapat memengaruhi hasil tes darah.
Bisakah donor darah jika punya tekanan darah rendah?,"Tekanan darah harus dalam batas normal. Jika terlalu rendah, Anda mungkin tidak bisa donor darah."
Apakah donor darah bisa dilakukan jika sedang batuk?,"Tidak disarankan donor darah jika sedang batuk, terutama jika disertai demam atau gejala lain."
Berapa kadar kolesterol yang aman untuk donor darah?,"Kadar kolesterol umumnya tidak menjadi penghalang untuk donor darah, asalkan tidak ada kondisi medis lain yang mendasari."
Apakah ada pantangan setelah donor darah?,"Setelah donor darah, hindari aktivitas fisik berat, mengangkat beban berat, dan konsumsi alkohol selama 24 jam."
Bisakah donor darah jika baru saja minum obat pereda nyeri?,"Tergantung jenis obatnya. Untuk obat pereda nyeri non-aspirin, biasanya tidak masalah. Untuk aspirin, tunda 2 hari."
Bagaimana cara menjaga kadar zat besi setelah donor?,"Konsumsi makanan kaya zat besi seperti daging merah, bayam, dan kacang-kacangan, serta vitamin C untuk membantu penyerapan."
Apakah donor darah bisa dilakukan jika ada riwayat alergi parah?,"Jika alergi terkontrol dan tidak parah, mungkin bisa. Konsultasikan dengan petugas medis."
Bolehkah donor darah jika ada riwayat penyakit autoimun?,Individu dengan riwayat penyakit autoimun umumnya tidak diperbolehkan donor darah.
Apakah ada batasan jumlah donor darah seumur hidup?,"Tidak ada batasan jumlah donor darah seumur hidup, asalkan Anda memenuhi syarat setiap kali donor."
Bagaimana cara mengatasi memar di lengan setelah donor?,Kompres dingin area yang memar dan hindari aktivitas berat. Memar akan hilang dalam beberapa hari.
Apakah donor darah bisa dilakukan jika baru operasi gigi?,"Tunda donor darah selama minimal 72 jam setelah operasi gigi minor, atau lebih lama untuk operasi besar."
Bolehkah donor darah jika sedang dalam masa pengobatan jerawat?,Tergantung jenis obat jerawat. Beberapa obat (misalnya isotretinoin) memerlukan penundaan donor.
Apakah ada risiko penularan HIV dari donor darah?,Risiko penularan HIV dari donor darah sangat kecil karena setiap kantong darah diuji secara ketat.
Bagaimana cara mengetahui apakah darah saya cocok untuk donor?,Kecocokan darah akan ditentukan melalui serangkaian tes skrining yang dilakukan sebelum donor.
Apakah donor darah bisa dilakukan jika sedang minum suplemen?,"Sebagian besar suplemen tidak masalah, namun beberapa suplemen herbal atau zat besi perlu dikonsultasikan."
Berapa lama waktu yang dibutuhkan tubuh untuk mengganti darah yang didonorkan?,"Tubuh akan mengganti volume plasma dalam 24-48 jam, sedangkan sel darah merah membutuhkan beberapa minggu."
Apakah donor darah bisa dilakukan jika ada riwayat kejang?,Individu dengan riwayat kejang atau epilepsi umumnya tidak diperbolehkan donor darah.
Bagaimana cara mendaftar sebagai pendonor sukarela?,Anda bisa mendaftar sebagai pendonor sukarela melalui aplikasi BloodConnect atau langsung datang ke PMI terdekat.
Apakah donor darah bisa dilakukan jika ada riwayat transfusi darah?,"Jika Anda pernah menerima transfusi darah, Anda mungkin harus menunda donor darah selama beberapa waktu (misalnya 1 tahun)."
Berapa lama jeda antara donor darah dan donor plasma?,"Jeda antara donor darah utuh dan donor plasma bisa lebih singkat, sekitar 2 minggu, tergantung kondisi."
Apakah donor darah bisa dilakukan jika ada riwayat kanker?,Individu dengan riwayat kanker umumnya tidak diperbolehkan donor darah.
Bagaimana cara menjaga kadar cairan tubuh setelah donor darah?,"Minum banyak air putih, jus buah, atau minuman elektrolit setelah donor darah untuk menjaga hidrasi."
Apakah donor darah bisa dilakukan jika ada riwayat operasi besar?,"Setelah operasi besar, Anda harus menunda donor darah hingga pulih sepenuhnya, biasanya 6-12 bulan."
Bolehkah donor darah jika sedang minum vitamin?,"Sebagian besar vitamin tidak memengaruhi kelayakan donor, kecuali vitamin tertentu yang mengandung zat besi dosis tinggi."
Apa itu donor darah donor tunggal?,"Donor darah donor tunggal adalah donor yang dilakukan oleh satu orang untuk pasien tertentu, biasanya keluarga atau teman."
Bagaimana cara mengatasi mual setelah donor darah?,"Jika mual, berbaringlah, hirup udara segar, dan minum air putih sedikit demi sedikit."
Apakah donor darah bisa dilakukan jika ada riwayat penyakit ginjal?,Individu dengan riwayat penyakit ginjal kronis umumnya tidak diperbolehkan donor darah.
Berapa lama waktu yang dibutuhkan untuk tes darah sebelum donor?,"Tes darah awal (hemoglobin, tekanan darah) hanya memakan waktu beberapa menit."
Apakah donor darah bisa dilakukan jika ada riwayat TBC?,"Jika Anda memiliki riwayat TBC, Anda mungkin perlu menunda donor darah hingga sembuh total dan tidak ada gejala."
Bolehkah donor darah jika sedang minum pil KB?,Minum pil KB umumnya tidak memengaruhi kelayakan donor darah.
Apa itu donor darah sukarela?,Donor darah sukarela adalah individu yang mendonorkan darahnya secara sukarela tanpa paksaan atau imbalan.
Bagaimana cara mengatasi kram setelah donor darah?,"Jika kram, regangkan otot perlahan, minum air, dan istirahat."
Apakah donor darah bisa dilakukan jika ada riwayat stroke?,Individu dengan riwayat stroke umumnya tidak diperbolehkan donor darah.
Berapa lama waktu yang dibutuhkan untuk mengisi formulir donor darah?,"Mengisi formulir donor darah membutuhkan sekitar 5-10 menit, tergantung seberapa cepat Anda mengisi informasi."
Apakah donor darah bisa dilakukan jika ada riwayat penyakit tiroid?,"Jika penyakit tiroid terkontrol dengan baik dan tidak ada komplikasi, Anda mungkin bisa donor darah. Konsultasikan dengan petugas medis."
Bolehkah donor darah jika sedang minum obat anti-depresan?,"Sebagian besar obat anti-depresan tidak memengaruhi kelayakan donor, namun konsultasikan dengan petugas medis."
Apa itu donor darah berulang?,Donor darah berulang adalah pendonor yang sudah beberapa kali mendonorkan darahnya secara teratur.
Bagaimana cara mengatasi gatal di area suntikan setelah donor?,Gatal di area suntikan bisa diatasi dengan kompres dingin atau mengoleskan salep anti-gatal ringan.
Apakah donor darah bisa dilakukan jika ada riwayat penyakit kulit kronis?,"Jika penyakit kulit kronis tidak aktif atau tidak menular, Anda mungkin bisa donor. Konsultasikan dengan petugas medis."
Berapa lama waktu yang dibutuhkan untuk mendapatkan hasil tes darah setelah donor?,"Hasil tes darah lengkap (misalnya untuk HIV, Hepatitis) biasanya akan tersedia dalam beberapa hari hingga minggu."
Apakah donor darah bisa dilakukan jika ada riwayat alergi obat?,"Jika alergi obat terkontrol dan tidak parah, Anda mungkin bisa donor. Informasikan kepada petugas medis."
Bolehkah donor darah jika ada riwayat penyakit hati?,Individu dengan riwayat penyakit hati kronis atau sirosis umumnya tidak diperbolehkan donor darah.
Apa itu donor darah autologus?,"Donor darah autologus adalah donor yang dilakukan oleh pasien untuk dirinya sendiri sebelum operasi, lalu darahnya akan ditransfusikan kembali kepadanya."
Bagaimana cara mengatasi kelelahan setelah donor darah?,"Istirahat cukup, hindari aktivitas berat, dan konsumsi makanan bergizi untuk mengatasi kelelahan."
Apakah donor darah bisa dilakukan jika ada riwayat penyakit paru-paru kronis?,Individu dengan riwayat penyakit paru-paru kronis yang tidak terkontrol mungkin tidak bisa donor darah.
Berapa lama waktu yang dibutuhkan untuk proses pendaftaran donor darah?,"Proses pendaftaran donor darah, termasuk pengisian formulir dan wawancara, biasanya memakan waktu sekitar 15-20 menit."
Apakah donor darah bisa dilakukan jika ada riwayat operasi jantung?,"Setelah operasi jantung, Anda harus menunda donor darah hingga pulih sepenuhnya dan mendapat persetujuan dokter."
Bolehkah donor darah jika sedang minum obat herbal?,Beberapa obat herbal dapat memengaruhi pembekuan darah. Konsultasikan dengan petugas medis sebelum donor.
Apa itu donor darah terarah?,"Donor darah terarah adalah donor yang dilakukan oleh individu tertentu untuk pasien yang dituju, biasanya keluarga atau teman."
Bagaimana cara mengatasi rasa dingin setelah donor darah?,"Jika merasa dingin, tutupi diri dengan selimut dan minum minuman hangat. Ini biasanya reaksi sementara."
Apakah donor darah bisa dilakukan jika ada riwayat penyakit autoimun?,Individu dengan riwayat penyakit autoimun umumnya tidak diperbolehkan donor darah.
Berapa lama waktu yang dibutuhkan untuk pemeriksaan fisik sebelum donor?,"Pemeriksaan fisik sebelum donor darah (tekanan darah, nadi, suhu) biasanya memakan waktu kurang dari 5 menit."
Apakah donor darah bisa dilakukan jika ada riwayat depresi?,"Jika depresi terkontrol dan tidak ada riwayat penggunaan obat-obatan terlarang, Anda mungkin bisa donor. Konsultasikan dengan petugas medis."
Bolehkah donor darah jika sedang minum vitamin C dosis tinggi?,Minum vitamin C dosis tinggi umumnya tidak memengaruhi kelayakan donor darah.
Apa itu donor darah reguler?,Donor darah reguler adalah pendonor yang secara konsisten memenuhi syarat dan rutin mendonorkan darahnya.
Bagaimana cara mengatasi sakit kepala setelah donor darah?,"Istirahat, minum air yang cukup, dan hindari paparan sinar matahari langsung untuk mengatasi sakit kepala."
Apakah donor darah bisa dilakukan jika ada riwayat penyakit kronis lainnya?,Kelayakan donor darah dengan penyakit kronis lainnya harus dievaluasi oleh petugas medis berdasarkan jenis penyakit dan kondisinya.
Berapa lama waktu yang dibutuhkan untuk proses pengambilan darah?,Proses pengambilan darah itu sendiri biasanya hanya sekitar 10-15 menit.
Apakah donor darah bisa dilakukan jika ada riwayat penyakit menular seksual?,"Individu dengan riwayat penyakit menular seksual tertentu (misalnya HIV, Hepatitis B/C) tidak diperbolehkan donor darah."
Bolehkah donor darah jika sedang minum obat penurun tekanan darah?,"Jika tekanan darah terkontrol baik dengan obat dan tidak ada efek samping, Anda mungkin bisa donor. Konsultasikan dengan petugas medis."
Apa itu donor darah sukarela pengganti?,Donor darah sukarela pengganti adalah donor yang dilakukan oleh individu secara sukarela untuk menggantikan darah yang digunakan oleh pasien tertentu.
Bagaimana cara mengatasi nyeri di area suntikan setelah donor?,Nyeri bisa diatasi dengan kompres dingin dan menghindari tekanan pada area tersebut. Biasanya akan mereda dalam beberapa hari.
Apakah donor darah bisa dilakukan jika ada riwayat sakit maag kronis?,"Jika sakit maag terkontrol dan tidak ada pendarahan aktif, Anda mungkin bisa donor. Konsultasikan dengan petugas medis."
Berapa lama waktu yang dibutuhkan untuk istirahat setelah donor darah?,Disarankan untuk istirahat minimal 10-15 menit di area yang disediakan setelah donor darah.
Apakah donor darah bisa dilakukan jika ada riwayat penyakit autoimun?,Individu dengan riwayat penyakit autoimun umumnya tidak diperbolehkan donor darah.
Bolehkah donor darah jika sedang minum obat alergi?,"Sebagian besar obat alergi tidak memengaruhi kelayakan donor, kecuali jika obat tersebut membuat Anda mengantuk atau tidak fit."
Apa itu donor darah plasma?,"Donor darah plasma adalah prosedur di mana hanya plasma darah yang diambil dari pendonor, dan sel darah lainnya dikembalikan ke tubuh."
Bagaimana cara mengatasi pusing saat berdiri setelah donor darah?,"Bangun perlahan, duduk sebentar sebelum berdiri, dan pastikan Anda cukup minum dan makan."
Apakah donor darah bisa dilakukan jika ada riwayat penyakit hati?,Individu dengan riwayat penyakit hati kronis atau sirosis umumnya tidak diperbolehkan donor darah.
Berapa lama waktu yang dibutuhkan untuk proses seluruh donor darah?,"Seluruh proses donor darah, dari pendaftaran hingga istirahat, biasanya memakan waktu sekitar 45-60 menit."
Apakah donor darah bisa dilakukan jika ada riwayat penyakit paru-paru kronis?,Individu dengan riwayat penyakit paru-paru kronis yang tidak terkontrol mungkin tidak bisa donor darah.
Bolehkah donor darah jika sedang minum obat penurun kolesterol?,Minum obat penurun kolesterol umumnya tidak memengaruhi kelayakan donor darah.
Apa itu donor darah trombosit?,"Donor darah trombosit adalah prosedur di mana hanya trombosit yang diambil dari pendonor, dan sisa darah dikembalikan ke tubuh."
Bagaimana cara mengatasi kedinginan setelah donor darah?,"Jika merasa kedinginan, tutupi diri dengan selimut dan minum minuman hangat. Ini biasanya reaksi sementara."
Apakah donor darah bisa dilakukan jika ada riwayat penyakit ginjal?,Individu dengan riwayat penyakit ginjal kronis umumnya tidak diperbolehkan donor darah.
Berapa lama waktu yang dibutuhkan untuk tes golongan darah?,Tes golongan darah biasanya hanya memakan waktu beberapa menit.
Apakah BloodConnect bisa menunjukkan lokasi donor terdekat?,"Ya, fitur peta digital akan menunjukkan lokasi donor darah terdekat dari posisi Anda."
Siapa saja yang bisa menggunakan BloodConnect?,"Semua orang bisa menggunakan BloodConnect, baik pendonor, rumah sakit, maupun pasien."
Apa syarat umum untuk donor darah?,"Usia 17-60 tahun, berat badan minimal 45kg, tidak sedang sakit, dan memiliki tekanan darah normal."
Apakah orang dengan tato boleh donor?,"Boleh, jika sudah lebih dari 6 bulan sejak pembuatan tato."
Apakah bisa mencari pendonor berdasarkan golongan darah?,"Ya, pengguna dapat mencari pendonor berdasarkan golongan darah melalui fitur pencarian."
Bagaimana cara mendapatkan poin di BloodConnect?,"Poin didapatkan dari aktivitas donor, mengajak teman, dan mengisi survei di aplikasi."
Bisakah saya melihat riwayat donor saya?,"Ya, Anda dapat melihat semua riwayat donor Anda melalui dashboard akun."
Bagaimana sistem notifikasi bekerja?,Pengguna akan menerima notifikasi saat stok darah menipis di area sekitar mereka.
Bagaimana cara menjadi pendonor tetap?,"Setelah 3 kali donor dalam 1 tahun, Anda akan otomatis dikategorikan sebagai pendonor tetap."
Apakah donor darah menyakitkan?,Biasanya hanya terasa seperti digigit semut saat jarum dimasukkan.
Apakah orang dengan tato boleh donor?,"Boleh, jika sudah lebih dari 6 bulan sejak pembuatan tato."
Bagaimana jika ada permintaan darah mendesak?,BloodConnect akan mengirim notifikasi ke pengguna dengan golongan darah yang sesuai di sekitar lokasi.
Apakah ada penghargaan untuk pendonor?,"Ya, pendonor akan mendapatkan badge digital dan dapat menukarkan poin dengan voucher."
Bisakah saya melihat riwayat donor saya?,"Ya, Anda dapat melihat semua riwayat donor Anda melalui dashboard akun."
Apa saja fitur unggulan di BloodConnect?,"Fitur unggulan meliputi pencarian stok darah real-time, rekomendasi lokasi donor terdekat, dan sistem klasifikasi pendonor."
Bagaimana cara menjadi pendonor tetap?,"Setelah 3 kali donor dalam 1 tahun, Anda akan otomatis dikategorikan sebagai pendonor tetap."
Berapa lama proses donor darah?,Sekitar 30-45 menit termasuk pemeriksaan awal dan istirahat.
Apakah donor darah bisa menulari penyakit?,"Tidak, karena semua alat yang digunakan adalah steril dan sekali pakai."
Bagaimana jika ada permintaan darah mendesak?,BloodConnect akan mengirim notifikasi ke pengguna dengan golongan darah yang sesuai di sekitar lokasi.
Apakah ada penghargaan untuk pendonor?,"Ya, pendonor akan mendapatkan badge digital dan dapat menukarkan poin dengan voucher."
Bagaimana jika saya lupa password?,Gunakan fitur ‘Lupa Password’ di halaman login untuk mengatur ulang kata sandi.
Apakah BloodConnect bisa menunjukkan lokasi donor terdekat?,"Ya, fitur peta digital akan menunjukkan lokasi donor darah terdekat dari posisi Anda."
Siapa saja yang bisa menggunakan BloodConnect?,"Semua orang bisa menggunakan BloodConnect, baik pendonor, rumah sakit, maupun pasien."
Berapa lama proses donor darah?,Sekitar 30-45 menit termasuk pemeriksaan awal dan istirahat.
Apakah donor darah bisa menulari penyakit?,"Tidak, karena semua alat yang digunakan adalah steril dan sekali pakai."
Apakah bisa mencari pendonor berdasarkan golongan darah?,"Ya, pengguna dapat mencari pendonor berdasarkan golongan darah melalui fitur pencarian."
Bagaimana cara mendapatkan poin di BloodConnect?,"Poin didapatkan dari aktivitas donor, mengajak teman, dan mengisi survei di aplikasi."
Apakah data saya aman di BloodConnect?,"Ya, BloodConnect menggunakan enkripsi untuk melindungi data pengguna."
Apakah ada fitur prediksi kebutuhan darah?,"Ya, BloodConnect menggunakan model prediksi untuk memperkirakan kebutuhan darah berdasarkan lokasi dan waktu."
Siapa saja yang bisa menggunakan BloodConnect?,"Semua orang bisa menggunakan BloodConnect, baik pendonor, rumah sakit, maupun pasien."
Apa syarat umum untuk donor darah?,"Usia 17-60 tahun, berat badan minimal 45kg, tidak sedang sakit, dan memiliki tekanan darah normal."
Apakah donor darah bisa menulari penyakit?,"Tidak, karena semua alat yang digunakan adalah steril dan sekali pakai."
Apakah bisa mencari pendonor berdasarkan golongan darah?,"Ya, pengguna dapat mencari pendonor berdasarkan golongan darah melalui fitur pencarian."
Bagaimana cara mendapatkan poin di BloodConnect?,"Poin didapatkan dari aktivitas donor, mengajak teman, dan mengisi survei di aplikasi."
Apakah data saya aman di BloodConnect?,"Ya, BloodConnect menggunakan enkripsi untuk melindungi data pengguna."
Apakah BloodConnect bisa menunjukkan lokasi donor terdekat?,"Ya, fitur peta digital akan menunjukkan lokasi donor darah terdekat dari posisi Anda."
Siapa saja yang bisa menggunakan BloodConnect?,"Semua orang bisa menggunakan BloodConnect, baik pendonor, rumah sakit, maupun pasien."
Apakah donor darah menyakitkan?,Biasanya hanya terasa seperti digigit semut saat jarum dimasukkan.
Apa manfaat donor darah bagi kesehatan?,Meningkatkan produksi sel darah baru dan menjaga kesehatan jantung.
Apakah bisa mencari pendonor berdasarkan golongan darah?,"Ya, pengguna dapat mencari pendonor berdasarkan golongan darah melalui fitur pencarian."
Bagaimana cara mendapatkan poin di BloodConnect?,"Poin didapatkan dari aktivitas donor, mengajak teman, dan mengisi survei di aplikasi."
Apakah data saya aman di BloodConnect?,"Ya, BloodConnect menggunakan enkripsi untuk melindungi data pengguna."
Bagaimana sistem notifikasi bekerja?,Pengguna akan menerima notifikasi saat stok darah menipis di area sekitar mereka.
Siapa saja yang bisa menggunakan BloodConnect?,"Semua orang bisa menggunakan BloodConnect, baik pendonor, rumah sakit, maupun pasien."
Berapa lama proses donor darah?,Sekitar 30-45 menit termasuk pemeriksaan awal dan istirahat.
Apakah orang dengan tato boleh donor?,"Boleh, jika sudah lebih dari 6 bulan sejak pembuatan tato."
Apakah bisa mencari pendonor berdasarkan golongan darah?,"Ya, pengguna dapat mencari pendonor berdasarkan golongan darah melalui fitur pencarian."
Apakah ada penghargaan untuk pendonor?,"Ya, pendonor akan mendapatkan badge digital dan dapat menukarkan poin dengan voucher."
Bagaimana jika saya lupa password?,Gunakan fitur ‘Lupa Password’ di halaman login untuk mengatur ulang kata sandi.
Apakah ada fitur prediksi kebutuhan darah?,"Ya, BloodConnect menggunakan model prediksi untuk memperkirakan kebutuhan darah berdasarkan lokasi dan waktu."
Siapa saja yang bisa menggunakan BloodConnect?,"Semua orang bisa menggunakan BloodConnect, baik pendonor, rumah sakit, maupun pasien."
Apa syarat umum untuk donor darah?,"Usia 17-60 tahun, berat badan minimal 45kg, tidak sedang sakit, dan memiliki tekanan darah normal."
Apa manfaat donor darah bagi kesehatan?,Meningkatkan produksi sel darah baru dan menjaga kesehatan jantung.
Bagaimana jika ada permintaan darah mendesak?,BloodConnect akan mengirim notifikasi ke pengguna dengan golongan darah yang sesuai di sekitar lokasi.
Apakah ada penghargaan untuk pendonor?,"Ya, pendonor akan mendapatkan badge digital dan dapat menukarkan poin dengan voucher."
Apakah data saya aman di BloodConnect?,"Ya, BloodConnect menggunakan enkripsi untuk melindungi data pengguna."
Apakah ada fitur prediksi kebutuhan darah?,"Ya, BloodConnect menggunakan model prediksi untuk memperkirakan kebutuhan darah berdasarkan lokasi dan waktu."
Apakah BloodConnect bisa dipakai oleh rumah sakit?,"Ya, rumah sakit dapat mendaftar sebagai mitra untuk mengelola stok darah mereka."
Berapa lama proses donor darah?,Sekitar 30-45 menit termasuk pemeriksaan awal dan istirahat.
Apa manfaat donor darah bagi kesehatan?,Meningkatkan produksi sel darah baru dan menjaga kesehatan jantung.
Bagaimana jika ada permintaan darah mendesak?,BloodConnect akan mengirim notifikasi ke pengguna dengan golongan darah yang sesuai di sekitar lokasi.
Apakah ada penghargaan untuk pendonor?,"Ya, pendonor akan mendapatkan badge digital dan dapat menukarkan poin dengan voucher."
Bagaimana jika saya lupa password?,Gunakan fitur ‘Lupa Password’ di halaman login untuk mengatur ulang kata sandi.
Apakah BloodConnect bisa menunjukkan lokasi donor terdekat?,"Ya, fitur peta digital akan menunjukkan lokasi donor darah terdekat dari posisi Anda."
Siapa saja yang bisa menggunakan BloodConnect?,"Semua orang bisa menggunakan BloodConnect, baik pendonor, rumah sakit, maupun pasien."
Apa syarat umum untuk donor darah?,"Usia 17-60 tahun, berat badan minimal 45kg, tidak sedang sakit, dan memiliki tekanan darah normal."
Apakah orang dengan tato boleh donor?,"Boleh, jika sudah lebih dari 6 bulan sejak pembuatan tato."
Apakah bisa mencari pendonor berdasarkan golongan darah?,"Ya, pengguna dapat mencari pendonor berdasarkan golongan darah melalui fitur pencarian."
Bagaimana cara mendapatkan poin di BloodConnect?,"Poin didapatkan dari aktivitas donor, mengajak teman, dan mengisi survei di aplikasi."
Apakah data saya aman di BloodConnect?,"Ya, BloodConnect menggunakan enkripsi untuk melindungi data pengguna."
Apakah ada fitur prediksi kebutuhan darah?,"Ya, BloodConnect menggunakan model prediksi untuk memperkirakan kebutuhan darah berdasarkan lokasi dan waktu."
Apakah BloodConnect bisa dipakai oleh rumah sakit?,"Ya, rumah sakit dapat mendaftar sebagai mitra untuk mengelola stok darah mereka."
Apakah donor darah menyakitkan?,Biasanya hanya terasa seperti digigit semut saat jarum dimasukkan.
Apakah orang dengan tato boleh donor?,"Boleh, jika sudah lebih dari 6 bulan sejak pembuatan tato."
Bagaimana jika ada permintaan darah mendesak?,BloodConnect akan mengirim notifikasi ke pengguna dengan golongan darah yang sesuai di sekitar lokasi.
Bagaimana cara mendapatkan poin di BloodConnect?,"Poin didapatkan dari aktivitas donor, mengajak teman, dan mengisi survei di aplikasi."
Bagaimana jika saya lupa password?,Gunakan fitur ‘Lupa Password’ di halaman login untuk mengatur ulang kata sandi.
Apa saja fitur unggulan di BloodConnect?,"Fitur unggulan meliputi pencarian stok darah real-time, rekomendasi lokasi donor terdekat, dan sistem klasifikasi pendonor."
Bagaimana cara menjadi pendonor tetap?,"Setelah 3 kali donor dalam 1 tahun, Anda akan otomatis dikategorikan sebagai pendonor tetap."
Apakah donor darah menyakitkan?,Biasanya hanya terasa seperti digigit semut saat jarum dimasukkan.
Apa manfaat donor darah bagi kesehatan?,Meningkatkan produksi sel darah baru dan menjaga kesehatan jantung.
Apakah bisa mencari pendonor berdasarkan golongan darah?,"Ya, pengguna dapat mencari pendonor berdasarkan golongan darah melalui fitur pencarian."
Apakah ada penghargaan untuk pendonor?,"Ya, pendonor akan mendapatkan badge digital dan dapat menukarkan poin dengan voucher."
Apakah data saya aman di BloodConnect?,"Ya, BloodConnect menggunakan enkripsi untuk melindungi data pengguna."
Apa saja fitur unggulan di BloodConnect?,"Fitur unggulan meliputi pencarian stok darah real-time, rekomendasi lokasi donor terdekat, dan sistem klasifikasi pendonor."
Bagaimana cara menjadi pendonor tetap?,"Setelah 3 kali donor dalam 1 tahun, Anda akan otomatis dikategorikan sebagai pendonor tetap."
Apakah donor darah menyakitkan?,Biasanya hanya terasa seperti digigit semut saat jarum dimasukkan.
Apa manfaat donor darah bagi kesehatan?,Meningkatkan produksi sel darah baru dan menjaga kesehatan jantung.
Bagaimana jika ada permintaan darah mendesak?,BloodConnect akan mengirim notifikasi ke pengguna dengan golongan darah yang sesuai di sekitar lokasi.
Apakah ada penghargaan untuk pendonor?,"Ya, pendonor akan mendapatkan badge digital dan dapat menukarkan poin dengan voucher."
Bisakah saya melihat riwayat donor saya?,"Ya, Anda dapat melihat semua riwayat donor Anda melalui dashboard akun."
Apa saja fitur unggulan di BloodConnect?,"Fitur unggulan meliputi pencarian stok darah real-time, rekomendasi lokasi donor terdekat, dan sistem klasifikasi pendonor."
Siapa saja yang bisa menggunakan BloodConnect?,"Semua orang bisa menggunakan BloodConnect, baik pendonor, rumah sakit, maupun pasien."
Berapa lama proses donor darah?,Sekitar 30-45 menit termasuk pemeriksaan awal dan istirahat.
Apa manfaat donor darah bagi kesehatan?,Meningkatkan produksi sel darah baru dan menjaga kesehatan jantung.
Apakah bisa mencari pendonor berdasarkan golongan darah?,"Ya, pengguna dapat mencari pendonor berdasarkan golongan darah melalui fitur pencarian."
Apakah ada penghargaan untuk pendonor?,"Ya, pendonor akan mendapatkan badge digital dan dapat menukarkan poin dengan voucher."
Bagaimana jika saya lupa password?,Gunakan fitur ‘Lupa Password’ di halaman login untuk mengatur ulang kata sandi.
Apakah ada fitur prediksi kebutuhan darah?,"Ya, BloodConnect menggunakan model prediksi untuk memperkirakan kebutuhan darah berdasarkan lokasi dan waktu."
Bagaimana cara menjadi pendonor tetap?,"Setelah 3 kali donor dalam 1 tahun, Anda akan otomatis dikategorikan sebagai pendonor tetap."
Apakah donor darah menyakitkan?,Biasanya hanya terasa seperti digigit semut saat jarum dimasukkan.
Apa manfaat donor darah bagi kesehatan?,Meningkatkan produksi sel darah baru dan menjaga kesehatan jantung.
Bagaimana jika ada permintaan darah mendesak?,BloodConnect akan mengirim notifikasi ke pengguna dengan golongan darah yang sesuai di sekitar lokasi.
Bagaimana cara mendapatkan poin di BloodConnect?,"Poin didapatkan dari aktivitas donor, mengajak teman, dan mengisi survei di aplikasi."
Bagaimana jika saya lupa password?,Gunakan fitur ‘Lupa Password’ di halaman login untuk mengatur ulang kata sandi.
Apakah BloodConnect bisa menunjukkan lokasi donor terdekat?,"Ya, fitur peta digital akan menunjukkan lokasi donor darah terdekat dari posisi Anda."
Bagaimana cara menjadi pendonor tetap?,"Setelah 3 kali donor dalam 1 tahun, Anda akan otomatis dikategorikan sebagai pendonor tetap."
Apa syarat umum untuk donor darah?,"Usia 17-60 tahun, berat badan minimal 45kg, tidak sedang sakit, dan memiliki tekanan darah normal."
Apakah orang dengan tato boleh donor?,"Boleh, jika sudah lebih dari 6 bulan sejak pembuatan tato."
Apakah bisa mencari pendonor berdasarkan golongan darah?,"Ya, pengguna dapat mencari pendonor berdasarkan golongan darah melalui fitur pencarian."
Apakah ada penghargaan untuk pendonor?,"Ya, pendonor akan mendapatkan badge digital dan dapat menukarkan poin dengan voucher."
Bisakah saya melihat riwayat donor saya?,"Ya, Anda dapat melihat semua riwayat donor Anda melalui dashboard akun."
Apakah ada fitur prediksi kebutuhan darah?,"Ya, BloodConnect menggunakan model prediksi untuk memperkirakan kebutuhan darah berdasarkan lokasi dan waktu."
Bagaimana cara menjadi pendonor tetap?,"Setelah 3 kali donor dalam 1 tahun, Anda akan otomatis dikategorikan sebagai pendonor tetap."
Apakah donor darah menyakitkan?,Biasanya hanya terasa seperti digigit semut saat jarum dimasukkan.
Apakah donor darah bisa menulari penyakit?,"Tidak, karena semua alat yang digunakan adalah steril dan sekali pakai."
Apakah bisa mencari pendonor berdasarkan golongan darah?,"Ya, pengguna dapat mencari pendonor berdasarkan golongan darah melalui fitur pencarian."
Bagaimana cara mendapatkan poin di BloodConnect?,"Poin didapatkan dari aktivitas donor, mengajak teman, dan mengisi survei di aplikasi."
Bisakah saya melihat riwayat donor saya?,"Ya, Anda dapat melihat semua riwayat donor Anda melalui dashboard akun."
Apakah ada fitur prediksi kebutuhan darah?,"Ya, BloodConnect menggunakan model prediksi untuk memperkirakan kebutuhan darah berdasarkan lokasi dan waktu."
Siapa saja yang bisa menggunakan BloodConnect?,"Semua orang bisa menggunakan BloodConnect, baik pendonor, rumah sakit, maupun pasien."
Berapa lama proses donor darah?,Sekitar 30-45 menit termasuk pemeriksaan awal dan istirahat.
Apa manfaat donor darah bagi kesehatan?,Meningkatkan produksi sel darah baru dan menjaga kesehatan jantung.
Apakah bisa mencari pendonor berdasarkan golongan darah?,"Ya, pengguna dapat mencari pendonor berdasarkan golongan darah melalui fitur pencarian."
Bagaimana cara mendapatkan poin di BloodConnect?,"Poin didapatkan dari aktivitas donor, mengajak teman, dan mengisi survei di aplikasi."
Bagaimana jika saya lupa password?,Gunakan fitur ‘Lupa Password’ di halaman login untuk mengatur ulang kata sandi.
Apakah BloodConnect bisa menunjukkan lokasi donor terdekat?,"Ya, fitur peta digital akan menunjukkan lokasi donor darah terdekat dari posisi Anda."
Apakah BloodConnect bisa dipakai oleh rumah sakit?,"Ya, rumah sakit dapat mendaftar sebagai mitra untuk mengelola stok darah mereka."
Apakah donor darah menyakitkan?,Biasanya hanya terasa seperti digigit semut saat jarum dimasukkan.
Apakah orang dengan tato boleh donor?,"Boleh, jika sudah lebih dari 6 bulan sejak pembuatan tato."
Bagaimana jika ada permintaan darah mendesak?,BloodConnect akan mengirim notifikasi ke pengguna dengan golongan darah yang sesuai di sekitar lokasi.
Apakah ada penghargaan untuk pendonor?,"Ya, pendonor akan mendapatkan badge digital dan dapat menukarkan poin dengan voucher."
Apakah data saya aman di BloodConnect?,"Ya, BloodConnect menggunakan enkripsi untuk melindungi data pengguna."
Apakah ada fitur prediksi kebutuhan darah?,"Ya, BloodConnect menggunakan model prediksi untuk memperkirakan kebutuhan darah berdasarkan lokasi dan waktu."
Apakah BloodConnect bisa dipakai oleh rumah sakit?,"Ya, rumah sakit dapat mendaftar sebagai mitra untuk mengelola stok darah mereka."
Apakah donor darah menyakitkan?,Biasanya hanya terasa seperti digigit semut saat jarum dimasukkan.
Apakah orang dengan tato boleh donor?,"Boleh, jika sudah lebih dari 6 bulan sejak pembuatan tato."
Apakah bisa mencari pendonor berdasarkan golongan darah?,"Ya, pengguna dapat mencari pendonor berdasarkan golongan darah melalui fitur pencarian."
Apakah ada penghargaan untuk pendonor?,"Ya, pendonor akan mendapatkan badge digital dan dapat menukarkan poin dengan voucher."
Apakah data saya aman di BloodConnect?,"Ya, BloodConnect menggunakan enkripsi untuk melindungi data pengguna."
Apakah BloodConnect bisa menunjukkan lokasi donor terdekat?,"Ya, fitur peta digital akan menunjukkan lokasi donor darah terdekat dari posisi Anda."
Siapa saja yang bisa menggunakan BloodConnect?,"Semua orang bisa menggunakan BloodConnect, baik pendonor, rumah sakit, maupun pasien."
Apakah donor darah menyakitkan?,Biasanya hanya terasa seperti digigit semut saat jarum dimasukkan.
Apakah donor darah bisa menulari penyakit?,"Tidak, karena semua alat yang digunakan adalah steril dan sekali pakai."
Bagaimana jika ada permintaan darah mendesak?,BloodConnect akan mengirim notifikasi ke pengguna dengan golongan darah yang sesuai di sekitar lokasi.
Bagaimana cara mendapatkan poin di BloodConnect?,"Poin didapatkan dari aktivitas donor, mengajak teman, dan mengisi survei di aplikasi."
Apakah data saya aman di BloodConnect?,"Ya, BloodConnect menggunakan enkripsi untuk melindungi data pengguna."
Apakah BloodConnect bisa menunjukkan lokasi donor terdekat?,"Ya, fitur peta digital akan menunjukkan lokasi donor darah terdekat dari posisi Anda."
Bagaimana cara menjadi pendonor tetap?,"Setelah 3 kali donor dalam 1 tahun, Anda akan otomatis dikategorikan sebagai pendonor tetap."
Apa syarat umum untuk donor darah?,"Usia 17-60 tahun, berat badan minimal 45kg, tidak sedang sakit, dan memiliki tekanan darah normal."
Apakah orang dengan tato boleh donor?,"Boleh, jika sudah lebih dari 6 bulan sejak pembuatan tato."
Bagaimana jika ada permintaan darah mendesak?,BloodConnect akan mengirim notifikasi ke pengguna dengan golongan darah yang sesuai di sekitar lokasi.
Bagaimana cara mendapatkan poin di BloodConnect?,"Poin didapatkan dari aktivitas donor, mengajak teman, dan mengisi survei di aplikasi."
Apakah data saya aman di BloodConnect?,"Ya, BloodConnect menggunakan enkripsi untuk melindungi data pengguna."
Apakah BloodConnect bisa menunjukkan lokasi donor terdekat?,"Ya, fitur peta digital akan menunjukkan lokasi donor darah terdekat dari posisi Anda."
Siapa saja yang bisa menggunakan BloodConnect?,"Semua orang bisa menggunakan BloodConnect, baik pendonor, rumah sakit, maupun pasien."
Apakah donor darah menyakitkan?,Biasanya hanya terasa seperti digigit semut saat jarum dimasukkan.
Apakah orang dengan tato boleh donor?,"Boleh, jika sudah lebih dari 6 bulan sejak pembuatan tato."
Apakah bisa mencari pendonor berdasarkan golongan darah?,"Ya, pengguna dapat mencari pendonor berdasarkan golongan darah melalui fitur pencarian."
Apakah ada penghargaan untuk pendonor?,"Ya, pendonor akan mendapatkan badge digital dan dapat menukarkan poin dengan voucher."
Apakah data saya aman di BloodConnect?,"Ya, BloodConnect menggunakan enkripsi untuk melindungi data pengguna."
Apakah ada fitur prediksi kebutuhan darah?,"Ya, BloodConnect menggunakan model prediksi untuk memperkirakan kebutuhan darah berdasarkan lokasi dan waktu."
Siapa saja yang bisa menggunakan BloodConnect?,"Semua orang bisa menggunakan BloodConnect, baik pendonor, rumah sakit, maupun pasien."
Berapa lama proses donor darah?,Sekitar 30-45 menit termasuk pemeriksaan awal dan istirahat.
Apakah orang dengan tato boleh donor?,"Boleh, jika sudah lebih dari 6 bulan sejak pembuatan tato."
Bagaimana jika ada permintaan darah mendesak?,BloodConnect akan mengirim notifikasi ke pengguna dengan golongan darah yang sesuai di sekitar lokasi.
Bagaimana cara mendapatkan poin di BloodConnect?,"Poin didapatkan dari aktivitas donor, mengajak teman, dan mengisi survei di aplikasi."
Bisakah saya melihat riwayat donor saya?,"Ya, Anda dapat melihat semua riwayat donor Anda melalui dashboard akun."
Apakah ada fitur prediksi kebutuhan darah?,"Ya, BloodConnect menggunakan model prediksi untuk memperkirakan kebutuhan darah berdasarkan lokasi dan waktu."
Bagaimana cara menjadi pendonor tetap?,"Setelah 3 kali donor dalam 1 tahun, Anda akan otomatis dikategorikan sebagai pendonor tetap."
Berapa lama proses donor darah?,Sekitar 30-45 menit termasuk pemeriksaan awal dan istirahat.
Apa manfaat donor darah bagi kesehatan?,Meningkatkan produksi sel darah baru dan menjaga kesehatan jantung.
Apakah bisa mencari pendonor berdasarkan golongan darah?,"Ya, pengguna dapat mencari pendonor berdasarkan golongan darah melalui fitur pencarian."
Bagaimana cara mendapatkan poin di BloodConnect?,"Poin didapatkan dari aktivitas donor, mengajak teman, dan mengisi survei di aplikasi."
Apakah data saya aman di BloodConnect?,"Ya, BloodConnect menggunakan enkripsi untuk melindungi data pengguna."
Bagaimana sistem notifikasi bekerja?,Pengguna akan menerima notifikasi saat stok darah menipis di area sekitar mereka.
Bagaimana cara menjadi pendonor tetap?,"Setelah 3 kali donor dalam 1 tahun, Anda akan otomatis dikategorikan sebagai pendonor tetap."
Berapa lama proses donor darah?,Sekitar 30-45 menit termasuk pemeriksaan awal dan istirahat.
Apa manfaat donor darah bagi kesehatan?,Meningkatkan produksi sel darah baru dan menjaga kesehatan jantung.
Bagaimana jika ada permintaan darah mendesak?,BloodConnect akan mengirim notifikasi ke pengguna dengan golongan darah yang sesuai di sekitar lokasi.
Bagaimana cara mendapatkan poin di BloodConnect?,"Poin didapatkan dari aktivitas donor, mengajak teman, dan mengisi survei di aplikasi."
Apakah data saya aman di BloodConnect?,"Ya, BloodConnect menggunakan enkripsi untuk melindungi data pengguna."
Bagaimana sistem notifikasi bekerja?,Pengguna akan menerima notifikasi saat stok darah menipis di area sekitar mereka.
Bagaimana cara menjadi pendonor tetap?,"Setelah 3 kali donor dalam 1 tahun, Anda akan otomatis dikategorikan sebagai pendonor tetap."
Apakah donor darah menyakitkan?,Biasanya hanya terasa seperti digigit semut saat jarum dimasukkan.
Apakah orang dengan tato boleh donor?,"Boleh, jika sudah lebih dari 6 bulan sejak pembuatan tato."
Apakah bisa mencari pendonor berdasarkan golongan darah?,"Ya, pengguna dapat mencari pendonor berdasarkan golongan darah melalui fitur pencarian."
Bagaimana cara mendapatkan poin di BloodConnect?,"Poin didapatkan dari aktivitas donor, mengajak teman, dan mengisi survei di aplikasi."
Bisakah saya melihat riwayat donor saya?,"Ya, Anda dapat melihat semua riwayat donor Anda melalui dashboard akun."
Bagaimana sistem notifikasi bekerja?,Pengguna akan menerima notifikasi saat stok darah menipis di area sekitar mereka.
Apakah BloodConnect bisa dipakai oleh rumah sakit?,"Ya, rumah sakit dapat mendaftar sebagai mitra untuk mengelola stok darah mereka."
Apa syarat umum untuk donor darah?,"Usia 17-60 tahun, berat badan minimal 45kg, tidak sedang sakit, dan memiliki tekanan darah normal."
Apa manfaat donor darah bagi kesehatan?,Meningkatkan produksi sel darah baru dan menjaga kesehatan jantung.
Bagaimana jika ada permintaan darah mendesak?,BloodConnect akan mengirim notifikasi ke pengguna dengan golongan darah yang sesuai di sekitar lokasi.
Apakah ada penghargaan untuk pendonor?,"Ya, pendonor akan mendapatkan badge digital dan dapat menukarkan poin dengan voucher."
Bisakah saya melihat riwayat donor saya?,"Ya, Anda dapat melihat semua riwayat donor Anda melalui dashboard akun."
Apa saja fitur unggulan di BloodConnect?,"Fitur unggulan meliputi pencarian stok darah real-time, rekomendasi lokasi donor terdekat, dan sistem klasifikasi pendonor."
Bagaimana cara menjadi pendonor tetap?,"Setelah 3 kali donor dalam 1 tahun, Anda akan otomatis dikategorikan sebagai pendonor tetap."
Berapa lama proses donor darah?,Sekitar 30-45 menit termasuk pemeriksaan awal dan istirahat.
Apakah orang dengan tato boleh donor?,"Boleh, jika sudah lebih dari 6 bulan sejak pembuatan tato."
Bagaimana jika ada permintaan darah mendesak?,BloodConnect akan mengirim notifikasi ke pengguna dengan golongan darah yang sesuai di sekitar lokasi.
Apakah ada penghargaan untuk pendonor?,"Ya, pendonor akan mendapatkan badge digital dan dapat menukarkan poin dengan voucher."
Bisakah saya melihat riwayat donor saya?,"Ya, Anda dapat melihat semua riwayat donor Anda melalui dashboard akun."
Apakah ada fitur prediksi kebutuhan darah?,"Ya, BloodConnect menggunakan model prediksi untuk memperkirakan kebutuhan darah berdasarkan lokasi dan waktu."
Siapa saja yang bisa menggunakan BloodConnect?,"Semua orang bisa menggunakan BloodConnect, baik pendonor, rumah sakit, maupun pasien."
Apakah donor darah menyakitkan?,Biasanya hanya terasa seperti digigit semut saat jarum dimasukkan.
Apa manfaat donor darah bagi kesehatan?,Meningkatkan produksi sel darah baru dan menjaga kesehatan jantung.
Apakah bisa mencari pendonor berdasarkan golongan darah?,"Ya, pengguna dapat mencari pendonor berdasarkan golongan darah melalui fitur pencarian."
Bagaimana cara mendapatkan poin di BloodConnect?,"Poin didapatkan dari aktivitas donor, mengajak teman, dan mengisi survei di aplikasi."
Bagaimana jika saya lupa password?,Gunakan fitur ‘Lupa Password’ di halaman login untuk mengatur ulang kata sandi.
Apakah ada fitur prediksi kebutuhan darah?,"Ya, BloodConnect menggunakan model prediksi untuk memperkirakan kebutuhan darah berdasarkan lokasi dan waktu."
Bagaimana cara menjadi pendonor tetap?,"Setelah 3 kali donor dalam 1 tahun, Anda akan otomatis dikategorikan sebagai pendonor tetap."
Apa syarat umum untuk donor darah?,"Usia 17-60 tahun, berat badan minimal 45kg, tidak sedang sakit, dan memiliki tekanan darah normal."
Apakah donor darah bisa menulari penyakit?,"Tidak, karena semua alat yang digunakan adalah steril dan sekali pakai."
Bagaimana jika ada permintaan darah mendesak?,BloodConnect akan mengirim notifikasi ke pengguna dengan golongan darah yang sesuai di sekitar lokasi.
Apakah ada penghargaan untuk pendonor?,"Ya, pendonor akan mendapatkan badge digital dan dapat menukarkan poin dengan voucher."
Apakah data saya aman di BloodConnect?,"Ya, BloodConnect menggunakan enkripsi untuk melindungi data pengguna."
Apa saja fitur unggulan di BloodConnect?,"Fitur unggulan meliputi pencarian stok darah real-time, rekomendasi lokasi donor terdekat, dan sistem klasifikasi pendonor."
Siapa saja yang bisa menggunakan BloodConnect?,"Semua orang bisa menggunakan BloodConnect, baik pendonor, rumah sakit, maupun pasien."
Berapa lama proses donor darah?,Sekitar 30-45 menit termasuk pemeriksaan awal dan istirahat.
Apakah orang dengan tato boleh donor?,"Boleh, jika sudah lebih dari 6 bulan sejak pembuatan tato."
Apakah bisa mencari pendonor berdasarkan golongan darah?,"Ya, pengguna dapat mencari pendonor berdasarkan golongan darah melalui fitur pencarian."
Apakah ada penghargaan untuk pendonor?,"Ya, pendonor akan mendapatkan badge digital dan dapat menukarkan poin dengan voucher."
Bagaimana jika saya lupa password?,Gunakan fitur ‘Lupa Password’ di halaman login untuk mengatur ulang kata sandi.
Bagaimana sistem notifikasi bekerja?,Pengguna akan menerima notifikasi saat stok darah menipis di area sekitar mereka.
Bagaimana cara menjadi pendonor tetap?,"Setelah 3 kali donor dalam 1 tahun, Anda akan otomatis dikategorikan sebagai pendonor tetap."
Apakah donor darah menyakitkan?,Biasanya hanya terasa seperti digigit semut saat jarum dimasukkan.
Apakah orang dengan tato boleh donor?,"Boleh, jika sudah lebih dari 6 bulan sejak pembuatan tato."
Bagaimana jika ada permintaan darah mendesak?,BloodConnect akan mengirim notifikasi ke pengguna dengan golongan darah yang sesuai di sekitar lokasi.
Apakah ada penghargaan untuk pendonor?,"Ya, pendonor akan mendapatkan badge digital dan dapat menukarkan poin dengan voucher."
Apakah data saya aman di BloodConnect?,"Ya, BloodConnect menggunakan enkripsi untuk melindungi data pengguna."
Apakah BloodConnect bisa menunjukkan lokasi donor terdekat?,"Ya, fitur peta digital akan menunjukkan lokasi donor darah terdekat dari posisi Anda."
Siapa saja yang bisa menggunakan BloodConnect?,"Semua orang bisa menggunakan BloodConnect, baik pendonor, rumah sakit, maupun pasien."
Berapa lama proses donor darah?,Sekitar 30-45 menit termasuk pemeriksaan awal dan istirahat.
Apakah orang dengan tato boleh donor?,"Boleh, jika sudah lebih dari 6 bulan sejak pembuatan tato."
Apakah bisa mencari pendonor berdasarkan golongan darah?,"Ya, pengguna dapat mencari pendonor berdasarkan golongan darah melalui fitur pencarian."
Bagaimana cara mendapatkan poin di BloodConnect?,"Poin didapatkan dari aktivitas donor, mengajak teman, dan mengisi survei di aplikasi."
Apakah data saya aman di BloodConnect?,"Ya, BloodConnect menggunakan enkripsi untuk melindungi data pengguna."
Apa saja fitur unggulan di BloodConnect?,"Fitur unggulan meliputi pencarian stok darah real-time, rekomendasi lokasi donor terdekat, dan sistem klasifikasi pendonor."
Apakah BloodConnect bisa dipakai oleh rumah sakit?,"Ya, rumah sakit dapat mendaftar sebagai mitra untuk mengelola stok darah mereka."
Apakah donor darah menyakitkan?,Biasanya hanya terasa seperti digigit semut saat jarum dimasukkan.
Apakah orang dengan tato boleh donor?,"Boleh, jika sudah lebih dari 6 bulan sejak pembuatan tato."
Apakah bisa mencari pendonor berdasarkan golongan darah?,"Ya, pengguna dapat mencari pendonor berdasarkan golongan darah melalui fitur pencarian."
Bagaimana cara mendapatkan poin di BloodConnect?,"Poin didapatkan dari aktivitas donor, mengajak teman, dan mengisi survei di aplikasi."
Bagaimana jika saya lupa password?,Gunakan fitur ‘Lupa Password’ di halaman login untuk mengatur ulang kata sandi.
Apakah BloodConnect bisa menunjukkan lokasi donor terdekat?,"Ya, fitur peta digital akan menunjukkan lokasi donor darah terdekat dari posisi Anda."
Apakah BloodConnect bisa dipakai oleh rumah sakit?,"Ya, rumah sakit dapat mendaftar sebagai mitra untuk mengelola stok darah mereka."
Apakah donor darah menyakitkan?,Biasanya hanya terasa seperti digigit semut saat jarum dimasukkan.
Apakah donor darah bisa menulari penyakit?,"Tidak, karena semua alat yang digunakan adalah steril dan sekali pakai."
Apakah bisa mencari pendonor berdasarkan golongan darah?,"Ya, pengguna dapat mencari pendonor berdasarkan golongan darah melalui fitur pencarian."
Bagaimana cara mendapatkan poin di BloodConnect?,"Poin didapatkan dari aktivitas donor, mengajak teman, dan mengisi survei di aplikasi."
Bagaimana jika saya lupa password?,Gunakan fitur ‘Lupa Password’ di halaman login untuk mengatur ulang kata sandi.
Apakah BloodConnect bisa menunjukkan lokasi donor terdekat?,"Ya, fitur peta digital akan menunjukkan lokasi donor darah terdekat dari posisi Anda."
Bagaimana cara menjadi pendonor tetap?,"Setelah 3 kali donor dalam 1 tahun, Anda akan otomatis dikategorikan sebagai pendonor tetap."
Apakah donor darah menyakitkan?,Biasanya hanya terasa seperti digigit semut saat jarum dimasukkan.
Apa manfaat donor darah bagi kesehatan?,Meningkatkan produksi sel darah baru dan menjaga kesehatan jantung.
Apakah bisa mencari pendonor berdasarkan golongan darah?,"Ya, pengguna dapat mencari pendonor berdasarkan golongan darah melalui fitur pencarian."
Apakah ada penghargaan untuk pendonor?,"Ya, pendonor akan mendapatkan badge digital dan dapat menukarkan poin dengan voucher."
Apakah data saya aman di BloodConnect?,"Ya, BloodConnect menggunakan enkripsi untuk melindungi data pengguna."
Apakah BloodConnect bisa menunjukkan lokasi donor terdekat?,"Ya, fitur peta digital akan menunjukkan lokasi donor darah terdekat dari posisi Anda."
Bagaimana cara menjadi pendonor tetap?,"Setelah 3 kali donor dalam 1 tahun, Anda akan otomatis dikategorikan sebagai pendonor tetap."
Apa syarat umum untuk donor darah?,"Usia 17-60 tahun, berat badan minimal 45kg, tidak sedang sakit, dan memiliki tekanan darah normal."
Apa manfaat donor darah bagi kesehatan?,Meningkatkan produksi sel darah baru dan menjaga kesehatan jantung.
Bagaimana jika ada permintaan darah mendesak?,BloodConnect akan mengirim notifikasi ke pengguna dengan golongan darah yang sesuai di sekitar lokasi.
Apakah ada penghargaan untuk pendonor?,"Ya, pendonor akan mendapatkan badge digital dan dapat menukarkan poin dengan voucher."
Bisakah saya melihat riwayat donor saya?,"Ya, Anda dapat melihat semua riwayat donor Anda melalui dashboard akun."
Apa saja fitur unggulan di BloodConnect?,"Fitur unggulan meliputi pencarian stok darah real-time, rekomendasi lokasi donor terdekat, dan sistem klasifikasi pendonor."
Siapa saja yang bisa menggunakan BloodConnect?,"Semua orang bisa menggunakan BloodConnect, baik pendonor, rumah sakit, maupun pasien."
Apakah donor darah menyakitkan?,Biasanya hanya terasa seperti digigit semut saat jarum dimasukkan.
Apa manfaat donor darah bagi kesehatan?,Meningkatkan produksi sel darah baru dan menjaga kesehatan jantung.
Bagaimana jika ada permintaan darah mendesak?,BloodConnect akan mengirim notifikasi ke pengguna dengan golongan darah yang sesuai di sekitar lokasi.
Bagaimana cara mendapatkan poin di BloodConnect?,"Poin didapatkan dari aktivitas donor, mengajak teman, dan mengisi survei di aplikasi."
Bagaimana jika saya lupa password?,Gunakan fitur ‘Lupa Password’ di halaman login untuk mengatur ulang kata sandi.
Apakah ada fitur prediksi kebutuhan darah?,"Ya, BloodConnect menggunakan model prediksi untuk memperkirakan kebutuhan darah berdasarkan lokasi dan waktu."
Apakah BloodConnect bisa dipakai oleh rumah sakit?,"Ya, rumah sakit dapat mendaftar sebagai mitra untuk mengelola stok darah mereka."
Apa syarat umum untuk donor darah?,"Usia 17-60 tahun, berat badan minimal 45kg, tidak sedang sakit, dan memiliki tekanan darah normal."
Apa manfaat donor darah bagi kesehatan?,Meningkatkan produksi sel darah baru dan menjaga kesehatan jantung.
Apakah bisa mencari pendonor berdasarkan golongan darah?,"Ya, pengguna dapat mencari pendonor berdasarkan golongan darah melalui fitur pencarian."
Apakah ada penghargaan untuk pendonor?,"Ya, pendonor akan mendapatkan badge digital dan dapat menukarkan poin dengan voucher."
Apakah data saya aman di BloodConnect?,"Ya, BloodConnect menggunakan enkripsi untuk melindungi data pengguna."
Apa saja fitur unggulan di BloodConnect?,"Fitur unggulan meliputi pencarian stok darah real-time, rekomendasi lokasi donor terdekat, dan sistem klasifikasi pendonor."
Bagaimana cara menjadi pendonor tetap?,"Setelah 3 kali donor dalam 1 tahun, Anda akan otomatis dikategorikan sebagai pendonor tetap."
Berapa lama proses donor darah?,Sekitar 30-45 menit termasuk pemeriksaan awal dan istirahat.
Apakah donor darah bisa menulari penyakit?,"Tidak, karena semua alat yang digunakan adalah steril dan sekali pakai."
Apakah bisa mencari pendonor berdasarkan golongan darah?,"Ya, pengguna dapat mencari pendonor berdasarkan golongan darah melalui fitur pencarian."
Apakah ada penghargaan untuk pendonor?,"Ya, pendonor akan mendapatkan badge digital dan dapat menukarkan poin dengan voucher."
Bisakah saya melihat riwayat donor saya?,"Ya, Anda dapat melihat semua riwayat donor Anda melalui dashboard akun."
Apakah BloodConnect bisa menunjukkan lokasi donor terdekat?,"Ya, fitur peta digital akan menunjukkan lokasi donor darah terdekat dari posisi Anda."
Apakah BloodConnect bisa dipakai oleh rumah sakit?,"Ya, rumah sakit dapat mendaftar sebagai mitra untuk mengelola stok darah mereka."
Berapa lama proses donor darah?,Sekitar 30-45 menit termasuk pemeriksaan awal dan istirahat.
Apa manfaat donor darah bagi kesehatan?,Meningkatkan produksi sel darah baru dan menjaga kesehatan jantung.
Apakah bisa mencari pendonor berdasarkan golongan darah?,"Ya, pengguna dapat mencari pendonor berdasarkan golongan darah melalui fitur pencarian."
Bagaimana cara mendapatkan poin di BloodConnect?,"Poin didapatkan dari aktivitas donor, mengajak teman, dan mengisi survei di aplikasi."
Bagaimana jika saya lupa password?,Gunakan fitur ‘Lupa Password’ di halaman login untuk mengatur ulang kata sandi.
Bagaimana sistem notifikasi bekerja?,Pengguna akan menerima notifikasi saat stok darah menipis di area sekitar mereka.
Siapa saja yang bisa menggunakan BloodConnect?,"Semua orang bisa menggunakan BloodConnect, baik pendonor, rumah sakit, maupun pasien."
Apa syarat umum untuk donor darah?,"Usia 17-60 tahun, berat badan minimal 45kg, tidak sedang sakit, dan memiliki tekanan darah normal."
Apakah orang dengan tato boleh donor?,"Boleh, jika sudah lebih dari 6 bulan sejak pembuatan tato."
Bagaimana jika ada permintaan darah mendesak?,BloodConnect akan mengirim notifikasi ke pengguna dengan golongan darah yang sesuai di sekitar lokasi.
Apakah ada penghargaan untuk pendonor?,"Ya, pendonor akan mendapatkan badge digital dan dapat menukarkan poin dengan voucher."
Apakah data saya aman di BloodConnect?,"Ya, BloodConnect menggunakan enkripsi untuk melindungi data pengguna."
Apa saja fitur unggulan di BloodConnect?,"Fitur unggulan meliputi pencarian stok darah real-time, rekomendasi lokasi donor terdekat, dan sistem klasifikasi pendonor."
Bagaimana cara menjadi pendonor tetap?,"Setelah 3 kali donor dalam 1 tahun, Anda akan otomatis dikategorikan sebagai pendonor tetap."
Berapa lama proses donor darah?,Sekitar 30-45 menit termasuk pemeriksaan awal dan istirahat.
Apa manfaat donor darah bagi kesehatan?,Meningkatkan produksi sel darah baru dan menjaga kesehatan jantung.
Apakah bisa mencari pendonor berdasarkan golongan darah?,"Ya, pengguna dapat mencari pendonor berdasarkan golongan darah melalui fitur pencarian."
Bagaimana cara mendapatkan poin di BloodConnect?,"Poin didapatkan dari aktivitas donor, mengajak teman, dan mengisi survei di aplikasi."
Bisakah saya melihat riwayat donor saya?,"Ya, Anda dapat melihat semua riwayat donor Anda melalui dashboard akun."
Apakah ada fitur prediksi kebutuhan darah?,"Ya, BloodConnect menggunakan model prediksi untuk memperkirakan kebutuhan darah berdasarkan lokasi dan waktu."
Bagaimana cara menjadi pendonor tetap?,"Setelah 3 kali donor dalam 1 tahun, Anda akan otomatis dikategorikan sebagai pendonor tetap."
Apakah donor darah menyakitkan?,Biasanya hanya terasa seperti digigit semut saat jarum dimasukkan.
Apa manfaat donor darah bagi kesehatan?,Meningkatkan produksi sel darah baru dan menjaga kesehatan jantung.
Bagaimana jika ada permintaan darah mendesak?,BloodConnect akan mengirim notifikasi ke pengguna dengan golongan darah yang sesuai di sekitar lokasi.
Bagaimana cara mendapatkan poin di BloodConnect?,"Poin didapatkan dari aktivitas donor, mengajak teman, dan mengisi survei di aplikasi."
Apakah data saya aman di BloodConnect?,"Ya, BloodConnect menggunakan enkripsi untuk melindungi data pengguna."
Apakah ada fitur prediksi kebutuhan darah?,"Ya, BloodConnect menggunakan model prediksi untuk memperkirakan kebutuhan darah berdasarkan lokasi dan waktu."
Bagaimana cara menjadi pendonor tetap?,"Setelah 3 kali donor dalam 1 tahun, Anda akan otomatis dikategorikan sebagai pendonor tetap."
Apa syarat umum untuk donor darah?,"Usia 17-60 tahun, berat badan minimal 45kg, tidak sedang sakit, dan memiliki tekanan darah normal."
Apakah donor darah bisa menulari penyakit?,"Tidak, karena semua alat yang digunakan adalah steril dan sekali pakai."
Bagaimana jika ada permintaan darah mendesak?,BloodConnect akan mengirim notifikasi ke pengguna dengan golongan darah yang sesuai di sekitar lokasi.
Bagaimana cara mendapatkan poin di BloodConnect?,"Poin didapatkan dari aktivitas donor, mengajak teman, dan mengisi survei di aplikasi."
Bagaimana jika saya lupa password?,Gunakan fitur ‘Lupa Password’ di halaman login untuk mengatur ulang kata sandi.
Apakah BloodConnect bisa menunjukkan lokasi donor terdekat?,"Ya, fitur peta digital akan menunjukkan lokasi donor darah terdekat dari posisi Anda."
Apakah BloodConnect bisa dipakai oleh rumah sakit?,"Ya, rumah sakit dapat mendaftar sebagai mitra untuk mengelola stok darah mereka."
Apakah donor darah menyakitkan?,Biasanya hanya terasa seperti digigit semut saat jarum dimasukkan.
Apa manfaat donor darah bagi kesehatan?,Meningkatkan produksi sel darah baru dan menjaga kesehatan jantung.
Apakah bisa mencari pendonor berdasarkan golongan darah?,"Ya, pengguna dapat mencari pendonor berdasarkan golongan darah melalui fitur pencarian."
Bagaimana cara mendapatkan poin di BloodConnect?,"Poin didapatkan dari aktivitas donor, mengajak teman, dan mengisi survei di aplikasi."
Apakah data saya aman di BloodConnect?,"Ya, BloodConnect menggunakan enkripsi untuk melindungi data pengguna."
Apakah BloodConnect bisa menunjukkan lokasi donor terdekat?,"Ya, fitur peta digital akan menunjukkan lokasi donor darah terdekat dari posisi Anda."
Apakah BloodConnect bisa dipakai oleh rumah sakit?,"Ya, rumah sakit dapat mendaftar sebagai mitra untuk mengelola stok darah mereka."
Apakah donor darah menyakitkan?,Biasanya hanya terasa seperti digigit semut saat jarum dimasukkan.
Apakah orang dengan tato boleh donor?,"Boleh, jika sudah lebih dari 6 bulan sejak pembuatan tato."
Bagaimana jika ada permintaan darah mendesak?,BloodConnect akan mengirim notifikasi ke pengguna dengan golongan darah yang sesuai di sekitar lokasi.
Bagaimana cara mendapatkan poin di BloodConnect?,"Poin didapatkan dari aktivitas donor, mengajak teman, dan mengisi survei di aplikasi."
Bisakah saya melihat riwayat donor saya?,"Ya, Anda dapat melihat semua riwayat donor Anda melalui dashboard akun."
Bagaimana sistem notifikasi bekerja?,Pengguna akan menerima notifikasi saat stok darah menipis di area sekitar mereka.
Siapa saja yang bisa menggunakan BloodConnect?,"Semua orang bisa menggunakan BloodConnect, baik pendonor, rumah sakit, maupun pasien."
Berapa lama proses donor darah?,Sekitar 30-45 menit termasuk pemeriksaan awal dan istirahat.
Apakah orang dengan tato boleh donor?,"Boleh, jika sudah lebih dari 6 bulan sejak pembuatan tato."
Apakah bisa mencari pendonor berdasarkan golongan darah?,"Ya, pengguna dapat mencari pendonor berdasarkan golongan darah melalui fitur pencarian."
Apakah ada penghargaan untuk pendonor?,"Ya, pendonor akan mendapatkan badge digital dan dapat menukarkan poin dengan voucher."
Bagaimana jika saya lupa password?,Gunakan fitur ‘Lupa Password’ di halaman login untuk mengatur ulang kata sandi.
Bagaimana sistem notifikasi bekerja?,Pengguna akan menerima notifikasi saat stok darah menipis di area sekitar mereka.
Bagaimana cara menjadi pendonor tetap?,"Setelah 3 kali donor dalam 1 tahun, Anda akan otomatis dikategorikan sebagai pendonor tetap."
Berapa lama proses donor darah?,Sekitar 30-45 menit termasuk pemeriksaan awal dan istirahat.
Apakah orang dengan tato boleh donor?,"Boleh, jika sudah lebih dari 6 bulan sejak pembuatan tato."
Apakah bisa mencari pendonor berdasarkan golongan darah?,"Ya, pengguna dapat mencari pendonor berdasarkan golongan darah melalui fitur pencarian."
Bagaimana cara mendapatkan poin di BloodConnect?,"Poin didapatkan dari aktivitas donor, mengajak teman, dan mengisi survei di aplikasi."
Bisakah saya melihat riwayat donor saya?,"Ya, Anda dapat melihat semua riwayat donor Anda melalui dashboard akun."
Bagaimana sistem notifikasi bekerja?,Pengguna akan menerima notifikasi saat stok darah menipis di area sekitar mereka.
Siapa saja yang bisa menggunakan BloodConnect?,"Semua orang bisa menggunakan BloodConnect, baik pendonor, rumah sakit, maupun pasien."
Apa syarat umum untuk donor darah?,"Usia 17-60 tahun, berat badan minimal 45kg, tidak sedang sakit, dan memiliki tekanan darah normal."
Apa manfaat donor darah bagi kesehatan?,Meningkatkan produksi sel darah baru dan menjaga kesehatan jantung.
Apakah bisa mencari pendonor berdasarkan golongan darah?,"Ya, pengguna dapat mencari pendonor berdasarkan golongan darah melalui fitur pencarian."
Bagaimana cara mendapatkan poin di BloodConnect?,"Poin didapatkan dari aktivitas donor, mengajak teman, dan mengisi survei di aplikasi."
Apakah data saya aman di BloodConnect?,"Ya, BloodConnect menggunakan enkripsi untuk melindungi data pengguna."
Apakah ada fitur prediksi kebutuhan darah?,"Ya, BloodConnect menggunakan model prediksi untuk memperkirakan kebutuhan darah berdasarkan lokasi dan waktu."
Bagaimana cara menjadi pendonor tetap?,"Setelah 3 kali donor dalam 1 tahun, Anda akan otomatis dikategorikan sebagai pendonor tetap."
Apa syarat umum untuk donor darah?,"Usia 17-60 tahun, berat badan minimal 45kg, tidak sedang sakit, dan memiliki tekanan darah normal."
Apakah orang dengan tato boleh donor?,"Boleh, jika sudah lebih dari 6 bulan sejak pembuatan tato."
Apakah bisa mencari pendonor berdasarkan golongan darah?,"Ya, pengguna dapat mencari pendonor berdasarkan golongan darah melalui fitur pencarian."
Bagaimana cara mendapatkan poin di BloodConnect?,"Poin didapatkan dari aktivitas donor, mengajak teman, dan mengisi survei di aplikasi."
Apakah data saya aman di BloodConnect?,"Ya, BloodConnect menggunakan enkripsi untuk melindungi data pengguna."
Apakah ada fitur prediksi kebutuhan darah?,"Ya, BloodConnect menggunakan model prediksi untuk memperkirakan kebutuhan darah berdasarkan lokasi dan waktu."
Bagaimana cara menjadi pendonor tetap?,"Setelah 3 kali donor dalam 1 tahun, Anda akan otomatis dikategorikan sebagai pendonor tetap."
Apakah donor darah menyakitkan?,Biasanya hanya terasa seperti digigit semut saat jarum dimasukkan.
Apakah orang dengan tato boleh donor?,"Boleh, jika sudah lebih dari 6 bulan sejak pembuatan tato."
Bagaimana jika ada permintaan darah mendesak?,BloodConnect akan mengirim notifikasi ke pengguna dengan golongan darah yang sesuai di sekitar lokasi.
Bagaimana cara mendapatkan poin di BloodConnect?,"Poin didapatkan dari aktivitas donor, mengajak teman, dan mengisi survei di aplikasi."
Bisakah saya melihat riwayat donor saya?,"Ya, Anda dapat melihat semua riwayat donor Anda melalui dashboard akun."
Bagaimana sistem notifikasi bekerja?,Pengguna akan menerima notifikasi saat stok darah menipis di area sekitar mereka.
Siapa saja yang bisa menggunakan BloodConnect?,"Semua orang bisa menggunakan BloodConnect, baik pendonor, rumah sakit, maupun pasien."
Apa syarat umum untuk donor darah?,"Usia 17-60 tahun, berat badan minimal 45kg, tidak sedang sakit, dan memiliki tekanan darah normal."
Apa manfaat donor darah bagi kesehatan?,Meningkatkan produksi sel darah baru dan menjaga kesehatan jantung.
Bagaimana jika ada permintaan darah mendesak?,BloodConnect akan mengirim notifikasi ke pengguna dengan golongan darah yang sesuai di sekitar lokasi.
Bagaimana cara mendapatkan poin di BloodConnect?,"Poin didapatkan dari aktivitas donor, mengajak teman, dan mengisi survei di aplikasi."
Bisakah saya melihat riwayat donor saya?,"Ya, Anda dapat melihat semua riwayat donor Anda melalui dashboard akun."
Apakah BloodConnect bisa menunjukkan lokasi donor terdekat?,"Ya, fitur peta digital akan menunjukkan lokasi donor darah terdekat dari posisi Anda."
Apakah BloodConnect bisa dipakai oleh rumah sakit?,"Ya, rumah sakit dapat mendaftar sebagai mitra untuk mengelola stok darah mereka."
Apakah donor darah menyakitkan?,Biasanya hanya terasa seperti digigit semut saat jarum dimasukkan.
Apakah donor darah bisa menulari penyakit?,"Tidak, karena semua alat yang digunakan adalah steril dan sekali pakai."
Bagaimana jika ada permintaan darah mendesak?,BloodConnect akan mengirim notifikasi ke pengguna dengan golongan darah yang sesuai di sekitar lokasi.
Bagaimana cara mendapatkan poin di BloodConnect?,"Poin didapatkan dari aktivitas donor, mengajak teman, dan mengisi survei di aplikasi."
Bisakah saya melihat riwayat donor saya?,"Ya, Anda dapat melihat semua riwayat donor Anda melalui dashboard akun."
Bagaimana sistem notifikasi bekerja?,Pengguna akan menerima notifikasi saat stok darah menipis di area sekitar mereka.
Apakah BloodConnect bisa dipakai oleh rumah sakit?,"Ya, rumah sakit dapat mendaftar sebagai mitra untuk mengelola stok darah mereka."
Apa syarat umum untuk donor darah?,"Usia 17-60 tahun, berat badan minimal 45kg, tidak sedang sakit, dan memiliki tekanan darah normal."
Apakah donor darah bisa menulari penyakit?,"Tidak, karena semua alat yang digunakan adalah steril dan sekali pakai."
Apakah bisa mencari pendonor berdasarkan golongan darah?,"Ya, pengguna dapat mencari pendonor berdasarkan golongan darah melalui fitur pencarian."
Apakah ada penghargaan untuk pendonor?,"Ya, pendonor akan mendapatkan badge digital dan dapat menukarkan poin dengan voucher."
Apakah data saya aman di BloodConnect?,"Ya, BloodConnect menggunakan enkripsi untuk melindungi data pengguna."
Apa saja fitur unggulan di BloodConnect?,"Fitur unggulan meliputi pencarian stok darah real-time, rekomendasi lokasi donor terdekat, dan sistem klasifikasi pendonor."
Bagaimana cara menjadi pendonor tetap?,"Setelah 3 kali donor dalam 1 tahun, Anda akan otomatis dikategorikan sebagai pendonor tetap."
Apa syarat umum untuk donor darah?,"Usia 17-60 tahun, berat badan minimal 45kg, tidak sedang sakit, dan memiliki tekanan darah normal."
Apakah donor darah bisa menulari penyakit?,"Tidak, karena semua alat yang digunakan adalah steril dan sekali pakai."
Apakah bisa mencari pendonor berdasarkan golongan darah?,"Ya, pengguna dapat mencari pendonor berdasarkan golongan darah melalui fitur pencarian."
Bagaimana cara mendapatkan poin di BloodConnect?,"Poin didapatkan dari aktivitas donor, mengajak teman, dan mengisi survei di aplikasi."
Apakah data saya aman di BloodConnect?,"Ya, BloodConnect menggunakan enkripsi untuk melindungi data pengguna."
Bagaimana sistem notifikasi bekerja?,Pengguna akan menerima notifikasi saat stok darah menipis di area sekitar mereka.
Siapa saja yang bisa menggunakan BloodConnect?,"Semua orang bisa menggunakan BloodConnect, baik pendonor, rumah sakit, maupun pasien."
Apakah donor darah menyakitkan?,Biasanya hanya terasa seperti digigit semut saat jarum dimasukkan.
Apakah orang dengan tato boleh donor?,"Boleh, jika sudah lebih dari 6 bulan sejak pembuatan tato."
Apakah bisa mencari pendonor berdasarkan golongan darah?,"Ya, pengguna dapat mencari pendonor berdasarkan golongan darah melalui fitur pencarian."
Bagaimana cara mendapatkan poin di BloodConnect?,"Poin didapatkan dari aktivitas donor, mengajak teman, dan mengisi survei di aplikasi."
Apakah data saya aman di BloodConnect?,"Ya, BloodConnect menggunakan enkripsi untuk melindungi data pengguna."
Bagaimana sistem notifikasi bekerja?,Pengguna akan menerima notifikasi saat stok darah menipis di area sekitar mereka.
Bagaimana cara menjadi pendonor tetap?,"Setelah 3 kali donor dalam 1 tahun, Anda akan otomatis dikategorikan sebagai pendonor tetap."
Apa syarat umum untuk donor darah?,"Usia 17-60 tahun, berat badan minimal 45kg, tidak sedang sakit, dan memiliki tekanan darah normal."
Apakah orang dengan tato boleh donor?,"Boleh, jika sudah lebih dari 6 bulan sejak pembuatan tato."
Apakah bisa mencari pendonor berdasarkan golongan darah?,"Ya, pengguna dapat mencari pendonor berdasarkan golongan darah melalui fitur pencarian."
Bagaimana cara mendapatkan poin di BloodConnect?,"Poin didapatkan dari aktivitas donor, mengajak teman, dan mengisi survei di aplikasi."
Bisakah saya melihat riwayat donor saya?,"Ya, Anda dapat melihat semua riwayat donor Anda melalui dashboard akun."
Apakah ada fitur prediksi kebutuhan darah?,"Ya, BloodConnect menggunakan model prediksi untuk memperkirakan kebutuhan darah berdasarkan lokasi dan waktu."
Bagaimana cara menjadi pendonor tetap?,"Setelah 3 kali donor dalam 1 tahun, Anda akan otomatis dikategorikan sebagai pendonor tetap."
Berapa lama proses donor darah?,Sekitar 30-45 menit termasuk pemeriksaan awal dan istirahat.
Apakah donor darah bisa menulari penyakit?,"Tidak, karena semua alat yang digunakan adalah steril dan sekali pakai."
Bagaimana jika ada permintaan darah mendesak?,BloodConnect akan mengirim notifikasi ke pengguna dengan golongan darah yang sesuai di sekitar lokasi.
Apakah ada penghargaan untuk pendonor?,"Ya, pendonor akan mendapatkan badge digital dan dapat menukarkan poin dengan voucher."
Bisakah saya melihat riwayat donor saya?,"Ya, Anda dapat melihat semua riwayat donor Anda melalui dashboard akun."
Apakah ada fitur prediksi kebutuhan darah?,"Ya, BloodConnect menggunakan model prediksi untuk memperkirakan kebutuhan darah berdasarkan lokasi dan waktu."
Apakah BloodConnect bisa dipakai oleh rumah sakit?,"Ya, rumah sakit dapat mendaftar sebagai mitra untuk mengelola stok darah mereka."
Apakah donor darah menyakitkan?,Biasanya hanya terasa seperti digigit semut saat jarum dimasukkan.
Apakah donor darah bisa menulari penyakit?,"Tidak, karena semua alat yang digunakan adalah steril dan sekali pakai."
Bagaimana jika ada permintaan darah mendesak?,BloodConnect akan mengirim notifikasi ke pengguna dengan golongan darah yang sesuai di sekitar lokasi.
Apakah ada penghargaan untuk pendonor?,"Ya, pendonor akan mendapatkan badge digital dan dapat menukarkan poin dengan voucher."
Apakah data saya aman di BloodConnect?,"Ya, BloodConnect menggunakan enkripsi untuk melindungi data pengguna."
Apakah BloodConnect bisa menunjukkan lokasi donor terdekat?,"Ya, fitur peta digital akan menunjukkan lokasi donor darah terdekat dari posisi Anda."
Siapa saja yang bisa menggunakan BloodConnect?,"Semua orang bisa menggunakan BloodConnect, baik pendonor, rumah sakit, maupun pasien."
Berapa lama proses donor darah?,Sekitar 30-45 menit termasuk pemeriksaan awal dan istirahat.
Apakah donor darah bisa menulari penyakit?,"Tidak, karena semua alat yang digunakan adalah steril dan sekali pakai."
Bagaimana jika ada permintaan darah mendesak?,BloodConnect akan mengirim notifikasi ke pengguna dengan golongan darah yang sesuai di sekitar lokasi.
Apakah ada penghargaan untuk pendonor?,"Ya, pendonor akan mendapatkan badge digital dan dapat menukarkan poin dengan voucher."
Bisakah saya melihat riwayat donor saya?,"Ya, Anda dapat melihat semua riwayat donor Anda melalui dashboard akun."
Apakah BloodConnect bisa menunjukkan lokasi donor terdekat?,"Ya, fitur peta digital akan menunjukkan lokasi donor darah terdekat dari posisi Anda."
Bagaimana cara menjadi pendonor tetap?,"Setelah 3 kali donor dalam 1 tahun, Anda akan otomatis dikategorikan sebagai pendonor tetap."
Apakah donor darah menyakitkan?,Biasanya hanya terasa seperti digigit semut saat jarum dimasukkan.
Apakah donor darah bisa menulari penyakit?,"Tidak, karena semua alat yang digunakan adalah steril dan sekali pakai."
Apakah bisa mencari pendonor berdasarkan golongan darah?,"Ya, pengguna dapat mencari pendonor berdasarkan golongan darah melalui fitur pencarian."
Bagaimana cara mendapatkan poin di BloodConnect?,"Poin didapatkan dari aktivitas donor, mengajak teman, dan mengisi survei di aplikasi."
Bagaimana jika saya lupa password?,Gunakan fitur ‘Lupa Password’ di halaman login untuk mengatur ulang kata sandi.
Apakah ada fitur prediksi kebutuhan darah?,"Ya, BloodConnect menggunakan model prediksi untuk memperkirakan kebutuhan darah berdasarkan lokasi dan waktu."
Apakah BloodConnect bisa dipakai oleh rumah sakit?,"Ya, rumah sakit dapat mendaftar sebagai mitra untuk mengelola stok darah mereka."
Apa syarat umum untuk donor darah?,"Usia 17-60 tahun, berat badan minimal 45kg, tidak sedang sakit, dan memiliki tekanan darah normal."
Apakah orang dengan tato boleh donor?,"Boleh, jika sudah lebih dari 6 bulan sejak pembuatan tato."
Bagaimana jika ada permintaan darah mendesak?,BloodConnect akan mengirim notifikasi ke pengguna dengan golongan darah yang sesuai di sekitar lokasi.
Apakah ada penghargaan untuk pendonor?,"Ya, pendonor akan mendapatkan badge digital dan dapat menukarkan poin dengan voucher."
Apakah data saya aman di BloodConnect?,"Ya, BloodConnect menggunakan enkripsi untuk melindungi data pengguna."
Apakah ada fitur prediksi kebutuhan darah?,"Ya, BloodConnect menggunakan model prediksi untuk memperkirakan kebutuhan darah berdasarkan lokasi dan waktu."
Apakah BloodConnect bisa dipakai oleh rumah sakit?,"Ya, rumah sakit dapat mendaftar sebagai mitra untuk mengelola stok darah mereka."
Apa syarat umum untuk donor darah?,"Usia 17-60 tahun, berat badan minimal 45kg, tidak sedang sakit, dan memiliki tekanan darah normal."
Apakah orang dengan tato boleh donor?,"Boleh, jika sudah lebih dari 6 bulan sejak pembuatan tato."
Bagaimana jika ada permintaan darah mendesak?,BloodConnect akan mengirim notifikasi ke pengguna dengan golongan darah yang sesuai di sekitar lokasi.
Bagaimana cara mendapatkan poin di BloodConnect?,"Poin didapatkan dari aktivitas donor, mengajak teman, dan mengisi survei di aplikasi."
Apakah data saya aman di BloodConnect?,"Ya, BloodConnect menggunakan enkripsi untuk melindungi data pengguna."
Bagaimana sistem notifikasi bekerja?,Pengguna akan menerima notifikasi saat stok darah menipis di area sekitar mereka.
Bagaimana cara menjadi pendonor tetap?,"Setelah 3 kali donor dalam 1 tahun, Anda akan otomatis dikategorikan sebagai pendonor tetap."
Apa syarat umum untuk donor darah?,"Usia 17-60 tahun, berat badan minimal 45kg, tidak sedang sakit, dan memiliki tekanan darah normal."
Apakah donor darah bisa menulari penyakit?,"Tidak, karena semua alat yang digunakan adalah steril dan sekali pakai."
Apakah bisa mencari pendonor berdasarkan golongan darah?,"Ya, pengguna dapat mencari pendonor berdasarkan golongan darah melalui fitur pencarian."
Apakah ada penghargaan untuk pendonor?,"Ya, pendonor akan mendapatkan badge digital dan dapat menukarkan poin dengan voucher."
Apakah data saya aman di BloodConnect?,"Ya, BloodConnect menggunakan enkripsi untuk melindungi data pengguna."
Apa saja fitur unggulan di BloodConnect?,"Fitur unggulan meliputi pencarian stok darah real-time, rekomendasi lokasi donor terdekat, dan sistem klasifikasi pendonor."
Apakah BloodConnect bisa dipakai oleh rumah sakit?,"Ya, rumah sakit dapat mendaftar sebagai mitra untuk mengelola stok darah mereka."
Berapa lama proses donor darah?,Sekitar 30-45 menit termasuk pemeriksaan awal dan istirahat.
Apa manfaat donor darah bagi kesehatan?,Meningkatkan produksi sel darah baru dan menjaga kesehatan jantung.
Bagaimana jika ada permintaan darah mendesak?,BloodConnect akan mengirim notifikasi ke pengguna dengan golongan darah yang sesuai di sekitar lokasi.
Apakah ada penghargaan untuk pendonor?,"Ya, pendonor akan mendapatkan badge digital dan dapat menukarkan poin dengan voucher."
Apakah data saya aman di BloodConnect?,"Ya, BloodConnect menggunakan enkripsi untuk melindungi data pengguna."
Apakah BloodConnect bisa menunjukkan lokasi donor terdekat?,"Ya, fitur peta digital akan menunjukkan lokasi donor darah terdekat dari posisi Anda."
Bagaimana cara menjadi pendonor tetap?,"Setelah 3 kali donor dalam 1 tahun, Anda akan otomatis dikategorikan sebagai pendonor tetap."
Apa syarat umum untuk donor darah?,"Usia 17-60 tahun, berat badan minimal 45kg, tidak sedang sakit, dan memiliki tekanan darah normal."
Apa manfaat donor darah bagi kesehatan?,Meningkatkan produksi sel darah baru dan menjaga kesehatan jantung.
Apakah bisa mencari pendonor berdasarkan golongan darah?,"Ya, pengguna dapat mencari pendonor berdasarkan golongan darah melalui fitur pencarian."
Bagaimana cara mendapatkan poin di BloodConnect?,"Poin didapatkan dari aktivitas donor, mengajak teman, dan mengisi survei di aplikasi."
Apakah data saya aman di BloodConnect?,"Ya, BloodConnect menggunakan enkripsi untuk melindungi data pengguna."
Apakah ada fitur prediksi kebutuhan darah?,"Ya, BloodConnect menggunakan model prediksi untuk memperkirakan kebutuhan darah berdasarkan lokasi dan waktu."
Apakah BloodConnect bisa dipakai oleh rumah sakit?,"Ya, rumah sakit dapat mendaftar sebagai mitra untuk mengelola stok darah mereka."
Apa syarat umum untuk donor darah?,"Usia 17-60 tahun, berat badan minimal 45kg, tidak sedang sakit, dan memiliki tekanan darah normal."
Apa manfaat donor darah bagi kesehatan?,Meningkatkan produksi sel darah baru dan menjaga kesehatan jantung.
Apakah bisa mencari pendonor berdasarkan golongan darah?,"Ya, pengguna dapat mencari pendonor berdasarkan golongan darah melalui fitur pencarian."
Bagaimana cara mendapatkan poin di BloodConnect?,"Poin didapatkan dari aktivitas donor, mengajak teman, dan mengisi survei di aplikasi."
Apakah data saya aman di BloodConnect?,"Ya, BloodConnect menggunakan enkripsi untuk melindungi data pengguna."
Apakah BloodConnect bisa menunjukkan lokasi donor terdekat?,"Ya, fitur peta digital akan menunjukkan lokasi donor darah terdekat dari posisi Anda."
Apakah BloodConnect bisa dipakai oleh rumah sakit?,"Ya, rumah sakit dapat mendaftar sebagai mitra untuk mengelola stok darah mereka."
Apa syarat umum untuk donor darah?,"Usia 17-60 tahun, berat badan minimal 45kg, tidak sedang sakit, dan memiliki tekanan darah normal."
Apakah orang dengan tato boleh donor?,"Boleh, jika sudah lebih dari 6 bulan sejak pembuatan tato."
Bagaimana jika ada permintaan darah mendesak?,BloodConnect akan mengirim notifikasi ke pengguna dengan golongan darah yang sesuai di sekitar lokasi.
Bagaimana cara mendapatkan poin di BloodConnect?,"Poin didapatkan dari aktivitas donor, mengajak teman, dan mengisi survei di aplikasi."
Apakah data saya aman di BloodConnect?,"Ya, BloodConnect menggunakan enkripsi untuk melindungi data pengguna."
